,City,State,Country,Date,Time,Venue,Link,Link Info,Latitude,Longitude
0,ALBUQUERQUE,NM,US,Oct 20,,"UNM Hospital, 2211 Lomas Blvd NE",https://www.instagram.com/p/CyjwpR0LUyr/,,35.0841034,-106.650985
1,AMMAN,,JORDAN,Oct 20,,,https://www.instagram.com/p/CynL834tgg9/?img_index=9,,31.9515694,35.9239625
2,AMSTERDAM,,NETHERLANDS,Oct 20,,Mercatorplein,https://www.instagram.com/p/CylXYUrNJ1k/,,52.3730796,4.8924534
3,ATHENS,,GREECE,Oct 20,6:30 pm,French Embassy,https://www.instagram.com/p/Cyl09lAIqds/,,37.9755648,23.7348324
4,ATLANTA,GA,US,Oct 20,,"CNN Center (near Centennial Olympic Park), 190 Marietta St NW",https://www.instagram.com/p/CyjTIJBpiz2/,,33.7489924,-84.3902644
5,AUGUSTA,ME,US,Oct 20,4:30 pm,Statehouse,https://www.instagram.com/p/CyeI6CyxzqL/,,44.3169922,-69.7734278
6,BALTIMORE,MD,US,Oct 20,,Baltimore City Hall,https://www.instagram.com/p/Cyef0eyA9oz,,39.2908816,-76.610759
7,BEIRUT,,LEBANON,Oct 20,11:30 am,"College Hall, AUB",https://www.instagram.com/p/Cyl3Nl0MXmq/?img_index=2,,33.8959203,35.47843
8,BILBAO,,BASQUE COUNTRY,Oct 20,,Plaza Arriaga,https://www.instagram.com/p/CynL834tgg9/?img_index=4,,43.2630018,-2.9350039
9,BOLOGNA,,ITALY,Oct 20,,Piazza Scaravilli,https://www.instagram.com/p/CyinGe2s7Qv/?hl=en&e=52787fac-5fbd-4a64-aa2e-96abacc4697a&g=5,,44.4938203,11.3426327
10,BOSTON,MA,US,Oct 20,5:30 pm,"Centennial, Northeastern University",https://www.instagram.com/p/CykG3NhrzBD/?img_index=7,,42.3554334,-71.060511
11,BRASILIA,,BRAZIL,Oct 20,,Museu da Republica,https://www.instagram.com/p/CyjH96Ex_VA/?img_index=1,,-10.3333333,-53.2
12,BRUSSELS,,BELGIUM,Oct 20,,Bourse,https://www.instagram.com/p/Cyi63fbMGTu/?img_index=1,,50.8550018,4.3512333761166175
13,CANBERRA,,AUSTRALIA,Oct 20,5:30 pm,Carema Place,https://www.instagram.com/p/Cyh1xy1BMrU/,,-35.2975906,149.1012676
14,CAPE TOWN,,SOUTH AFRICA,Oct 20,5:30 pm,Klipfontein Road by the bridge,https://www.instagram.com/p/CyjfCbCtTAI,,-33.928992,18.417396
15,CHICAGO,IL,US,Oct 20,2:30 pm,UChicago Main Quad (Levi Hall),https://www.instagram.com/p/CyjeOBUJd3_/?img_index=1,,41.8755616,-87.6244212
16,COPENHAGEN,,DENMARK,Oct 20,,Radhudspladsen,https://www.instagram.com/p/CynL834tgg9/?,,55.6867243,12.5700724
17,DEN HAAG,,NETHERLANDS,Oct 20,,Oude Waalsdorperweg 10,https://www.instagram.com/p/CylXYUrNJ1k/,,52.07494555,4.2696802205364515
18,EDINBURGH,,SCOTLAND,Oct 20,,George Square main library (Student walkout),https://www.instagram.com/p/CyhIIZ2IzV2/,,55.9533456,-3.1883749
21,HASTINGS,,ENGLAND,Oct 20,,"Robertson Street, Hastings Town Center",https://www.instagram.com/p/CyjXsKEr8tX/,,50.8553888,0.5824703
22,HELSINKI,,FINLAND,Oct 20,,"Railway Square, Eliel Square",https://www.instagram.com/p/CynL834tgg9/?,,60.1674881,24.9427473
23,INDIANAPOLIS,,US,Oct 20,5:30 pm,Purdue Engineering Fountain,https://www.instagram.com/p/CyhWrdSLVsu/,,39.7683331,-86.1583502
24,INDIANAPOLIS,IN,US,Oct 20,5:30 pm,Monument Circle,https://indyliberationcenter.org/pslindianapolis/action-alerts/stay-in-the-streets-for-palestine/,,39.7683331,-86.1583502
25,ITHACA,NY,US,Oct 20,,"Ho Plaza, Cornell University",https://www.instagram.com/p/CymfR_Ft-Z-/,,42.4396039,-76.4968019
26,KARLSRUHE,,GERMANY,Oct 20,,Marktplatz,https://www.instagram.com/p/CyjjDcirEUO/,,49.0068705,8.4034195
27,KOBLENZ,,GERMANY,Oct 20,,Koblenz Main Station,https://www.instagram.com/p/CynL834tgg9/?img_index=5,,50.3533278,7.5943951
28,KOLN,,GERMANY,Oct 20,,Hauptbahnhof,https://www.instagram.com/p/CyjjDcirEUO/,,50.938361,6.959974
30,LLEIDA,,CATALONIA,Oct 20,,Placa de la Paeria,https://www.instagram.com/p/Cyd0zjztf4j/?img_index=2,,41.6147605,0.6267842
31,MADISON,WI,US,Oct 20,,"Capitol, 2 E Main St",https://www.instagram.com/p/CykINrRtvTT/,,43.074761,-89.3837613
32,MADRID,,SPAIN,Oct 20,,Frente Catedral de la Almudena,https://www.instagram.com/p/Cyl7pmnKmsw/,,40.4167047,-3.7035825
33,MALMO,,SWEDEN,Oct 20,5:30 pm,Gustaf Adolfs Torg,https://www.instagram.com/p/CynL834tgg9/?,,55.6052931,13.0001566
34,MANAMA,,BAHRAIN,Oct 20,3:30 p,In front of Association of Justice,https://www.instagram.com/p/CynFKJWob0P/,,26.2235041,50.5822436
35,MEXICO CITY,,MEXICO,Oct 20,,Israeli Embassy,https://www.instagram.com/p/CynL834tgg9/?img_index=10,,19.4326296,-99.1331785
36,MIAMI,FL,US,Oct 20,11:30 am,"Central Campus, Broward College, 3501 Davie Rd",https://www.instagram.com/p/CylqoKGOfHV/,,25.7741728,-80.19362
37,MILANO,,ITALY,Oct 20,,Piazza Indipendenza,https://www.instagram.com/p/CynL834tgg9/?img_index=5,,45.4641943,9.1896346
38,MONTEVIDEO,,URUGUAY,Oct 20,,Plaza Libertad to Torre Ejecutiva,https://www.instagram.com/p/CymLgNip4lv/?img_index=1,,-34.9058916,-56.1913095
39,MONTREAL,,QUEBEC,Oct 20,,McGill Y-Intersection,https://www.instagram.com/p/Cyi63fbrWQV/,,45.5031824,-73.5698065
40,MUMBAI,,INDIA,Oct 20,,"Islam Gymkhana, Marine Lines",https://www.instagram.com/p/CynL834tgg9/?img_index=10,,18.9733536,72.82810491917377
41,NAPOLI,,ITALY,Oct 20,,,https://www.instagram.com/p/CymPr80o8pV/,,40.8358846,14.2487679
42,NEW BRUNSWICK,NJ,US,Oct 20,,"Brower Commons, Rutgers University",https://www.instagram.com/p/CyjL4lvAjd7/,,40.4862174,-74.4518173
43,NEW YORK,NY,US,Oct 20,,City Hall,https://www.instagram.com/p/CyhHUORJxKN/,,40.7127281,-74.0060152
44,NEW YORK,NY,US,Oct 20,,Bryant Park,https://actionnetwork.org/events/ceasefire-now-rally-for-gaza/,,40.7127281,-74.0060152
45,NIJMEGEN,,NETHERLANDS,Oct 20,,Grote Markt 5,https://www.instagram.com/p/CylzpbCIYyC/,,51.842574850000005,5.838960628748229
46,ORLANDO,FL,US,Oct 20,3:30 pm,Orlando City Hall,https://www.instagram.com/p/CyjWQq3PHWm/,,28.5421109,-81.3790304
47,OSLO,,NORWAY,Oct 20,,Palestinaplassen,https://www.instagram.com/p/CylZpDvrh89/,,59.9133301,10.7389701
48,OZONE PARK,NY,US,Oct 20,,7402 101st Ave,https://www.answercoalition.org/join_a_protest_near_you_free_palestine,,40.67677,-73.8437461
49,PADOVA,,ITALY,Oct 20,3:30 pm,Piazzale Mazzini,https://www.instagram.com/p/CylF5u-MmhY/,,45.4077172,11.8734455
50,PAVIA,,ITALY,Oct 20,5:30 pm,Piazza dell Vittoria,https://www.instagram.com/p/CynL834tgg9/?img_index=5,,45.036854649999995,9.137825082826026
51,PALERMO,,ITALY,Oct 20,,Corteo Piazza Independenza,https://www.instagram.com/p/CyiWJ06MXpM/,,38.1112268,13.3524434
52,PHILADELPHIA,PA,US,Oct 20,,City Hall (Highschoolers Walkout),https://www.instagram.com/p/CyihTJyO0cJ/?img_index=1,,39.9527237,-75.1635262
53,PHILADELPHIA,PA,US,Oct 20,5:30 pm,,https://www.instagram.com/p/CyihTJyO0cJ/?img_index=1,,39.9527237,-75.1635262
55,PORTLAND,ME,US,Oct 20,,Longfellow Square,https://mailchi.mp/b1afd5fdc1a3/portland-gaza-rally-changed-to-friday-oct-20-6-pm,,43.6589742,-70.2569578
56,PORTO,,PORTUGAL,Oct 20,,Praca da Batalha. Porto,https://www.instagram.com/p/CyiYg6nsI2f/,,41.1494512,-8.6107884
57,ROTTERDAM,,NETHERLANDS,Oct 20,,Vierambachtsstraat 107,https://www.instagram.com/p/CyljTCUNzVB/,,51.9244424,4.47775
58,SABADELL,,CATALONIA,Oct 20,6:30 pm,Placa del Dr Robert,https://www.instagram.com/p/CynL834tgg9/?img_index=4,,41.5421013,2.1138977
59,SACRAMENTO,CA,US,Oct 20,,California State Capitol,https://www.instagram.com/p/CylqdZEOuSK/?igshid=MzRlODBiNWFlZA%3D%3D,,38.5810606,-121.493895
60,SAN FRANCISCO,CA,US,Oct 20,,"San Francisco Federal Building, 90 7th St (Street Mural Painting)",https://www.instagram.com/p/CyhO0jwphuX/,,37.7790262,-122.419906
61,ST LOUIS,MO,US,Oct 20,,"Art Hill, Forest Park. Organized by PSL",https://www.instagram.com/p/Cygq2DBvjEN/?utm_source=ig_web_copy_link,,38.6280278,-90.1910154
62,ST PAUL,MN,US,Oct 20,,"DFL Office, 255 Plato Blvd",https://www.instagram.com/p/CylqUETOf9u/,,44.9497487,-93.0931028
63,STUTTGART,,GERMANY,Oct 20,,Unipark/Stadtpark,https://www.instagram.com/p/CylrV_FMKJ_/,,48.7784485,9.1800132
64,TARRAGONA,,CATALONIA,Oct 20,,Placa de la Paeria,https://www.instagram.com/p/CynL834tgg9/?img_index=4,,41.1172364,1.2546057
65,TILBURG,,NETHERLANDS,Oct 20,,Centraal station/Spoorlaan,https://www.instagram.com/p/CylXYUrNJ1k/,,51.58561845,5.0660616131367675
66,TOLEDO,OH,US,Oct 20,1:30 pm,"Promenade Park, 250 Water St",https://www.instagram.com/p/Cyl2fzSpRFe/?img_index=2,,41.6529143,-83.5378173
67,TORONTO,,CANADA,Oct 20,10:30 am,"Chrystia Freeland’s office, 344 Bloor St W",https://www.instagram.com/p/CymaScLr3NC/?img_index=2,,43.6534817,-79.3839347
68,TORONTO,,CANADA ,Oct 20,,"Sidney Smith Hall, University of Toronto",https://www.instagram.com/p/CyjuLhWrPAQ/?img_index=1,,43.6534817,-79.3839347
69,TORONTO,,CANADA,Oct 20,,"Legislative Assembly of Ontario, Queen’s Park, 111 Wellesley St W",https://www.instagram.com/p/Cym1t0xgfjq/,,43.6534817,-79.3839347
70,TRIESTE,,ITALY,Oct 20,,Piazza San Giacomo,https://www.instagram.com/p/CyiWJ06MXpM/,,45.6496485,13.7772781
71,TSHWANE,,SOUTH AFRICA,Oct 20,,"Belgrave Square Park, to Israeli Embassy",https://www.instagram.com/p/Cyii-HfNWPN/?hl=en&e=c7fa0fe4-17f5-4eda-90ac-aadd2717510e&g=5,,-25.7459277,28.1879101
73,UTICA,NY,US,Oct 20,,Utica City Hall to Oneida Square,https://www.answercoalition.org/join_a_protest_near_you_free_palestine,,43.1009031,-75.2326641
74,WASHINGTON,,DC,Oct 20,,"National Mall, 3rd St",https://www.instagram.com/p/CykIz8FgS58/,,38.8950368,-77.0365427
75,WOLVERHAMPTON,,ENGLAND,Oct 20,,Queen Square,https://www.instagram.com/p/CyjVKsFIJII/,,52.5847651,-2.127567
76,ZURICH,,SWITZERLAND,Oct 20,,Ni Una Menos Platz/Helvetiaplatz,https://www.instagram.com/p/CyjdbiqLqEf/,,47.3744489,8.5410422
77,ABERDEEN,,SCOTLAND,Oct 21,,St Nicholas Square,https://www.instagram.com/p/CydnmYuIEdR/?img_index=1,,57.1482429,-2.0928095
78,AREZZO,,ITALY,Oct 21,4:30 pm,Piazza Zucchi,https://www.instagram.com/p/CyiWJ06MXpM/,,43.51720195,11.763879181253118
79,AUCKLAND,,NEW ZEALAND,Oct 21,,Aotea Square,https://www.instagram.com/p/CyiYkuzrEPV/,,-36.5412811,174.5506104914412
80,BARCELONA,,CATALONIA,Oct 21,5:15 pm,"Santa Coloma; 6 pm, Jardinets de Gracia",https://www.instagram.com/p/Cyl1H_oMOQy/,,41.3828939,2.1774322
81,BELFAST,,IRELAND,Oct 21,,City Hall,https://www.instagram.com/p/CynL834tgg9/?img_index=3,,54.596391,-5.9301829
82,BERGEN,,NORWAY,Oct 21,4:30 pm,Blue Stone,https://www.instagram.com/p/CynUbhXA6QO/,,60.3943055,5.3259192
83,BOISE,ID,US,Oct 21,,Capitol Building,https://www.instagram.com/p/CyeVaMOPGAr/,,43.6166163,-116.200886
84,BRAUNSCHWEIG,,GERMANY,Oct 21,,Schlossplatz 1,https://www.instagram.com/p/CyjjDcirEUO/,,52.2646577,10.5236066
85,BREMEN,,GERMANY,Oct 21,,Jurgen Str. Haltstelle to Kunsthalle,https://www.instagram.com/p/Cyf6Y37sdlN/?img_index=2,,53.0758196,8.8071646
86,BRISBANE,,AUSTRALIA,Oct 21,,King George Square,https://www.instagram.com/p/Cyh1xy1BMrU/,,-27.4689682,153.0234991
87,BROOKLYN,NY,US,Oct 21,,"5th and 72nd, Bay Ridge, Brooklyn, NYC",https://www.instagram.com/p/CybatbgAh-E/,,40.6526006,-73.9497211
88,BRUSSELS,,BELGIUM,Oct 21,,Bourse,https://www.instagram.com/p/Cyi63fbMGTu/?img_index=1,,50.8550018,4.3512333761166175
89,BUCHAREST,,ROMANIA,Oct 21,,Platoul Statuilor de la Universitate,https://www.instagram.com/p/CyjLxLJI0LS/,,44.4361414,26.1027202
90,CAGLIARI,,SARDINIA,Oct 21,,Piazza Giovanni XXIII,https://www.instagram.com/p/CyluCLaNNQW/,,39.2171994,9.113311
91,CALGARY,,ALBERTA (CANADA),Oct 21,,Akram Jomaa Islamic Center Field,https://www.instagram.com/p/CymyVOugSEe/,,51.0456064,-114.057541
92,CARACAS,,VENEZUELA,Oct 21,,Plaza Altamira to ONU,https://www.instagram.com/p/CyjMCPIuzrv/,,10.5060934,-66.9146008
93,CHAPECO,,BRAZIL,Oct 21,,Sindicato dos Bancarios,https://www.instagram.com/p/CyjH96Ex_VA/?img_index=1,,-27.0922364,-52.6166878
94,CHICAGO,IL,US,Oct 21,,Michigan Ave & Ida B Wells,https://www.instagram.com/p/CykEb6KL2-9/?img_index=1,,41.8755616,-87.6244212
95,CLEVELAND,OH,US,Oct 21,,Public Square,https://www.instagram.com/p/CykHievrZEv/?img_index=2,,41.4996574,-81.6936772
96,COLUMBUS,OH,US,Oct 21,,Ohio Statehouse,https://www.instagram.com/p/CyitENGuTVu/?hl=en,,39.9622601,-83.0007065
97,CORK,,IRELAND,OCt 21,,Grand Parade,https://www.instagram.com/p/CynL834tgg9/?img_index=3,,51.897077,-8.4654674
98,CORVALLIS,OR,US,Oct 21,,Benton County Courthouse,https://www.instagram.com/p/CymUNbTpO8D/,,44.5645659,-123.2620435
99,DEN BOSCH,,NETHERLANDS,Oct 21,,Markt,https://www.instagram.com/p/CylXYUrNJ1k/,,51.6889387,5.303116
100,DEN HAAG,,NETHERLANDS,Oct 21,,Wijkpar Transvaal,https://www.instagram.com/p/CylXYUrNJ1k/,,52.07494555,4.2696802205364515
101,DENVER,CO,US,Oct 21,,"State Capitol, West Steps",https://twitter.com/copalestineco/status/1714344080635805817,,39.7392364,-104.984862
102,DEVENTER,,NETHERLANDS,Oct 21,,Boreel,https://www.instagram.com/p/CylXYUrNJ1k/,,52.2695736,6.236339604766698
103,DUBLIN,,IRELAND,Oct 21,,Garden of Remembrance,https://www.instagram.com/p/Cyg0V0cMx60/,,53.3493795,-6.2605593
104,DUSSELDORF,,GERMANY,Oct 21,,Hauptbahnhof,https://www.instagram.com/p/CyjjDcirEUO/,,51.2254018,6.7763137
105,EDINBURGH,,SCOTLAND,Oct 21,,"Princes St, foot of the mound",https://www.instagram.com/p/CydnmYuIEdR/?img_index=1,,55.9533456,-3.1883749
106,EL PASO,TX,US,Oct 21,,San Jacinto Plaza,https://www.instagram.com/p/CygoG0-Javm/,,31.7550511,-106.488234
107,ENNIS,,IRELAND,Oct 21,,O’Connell Square,https://www.instagram.com/p/CynL834tgg9/?img_index=3,,52.8435152,-8.983747
108,ENSCHEDE,,NETHERLANDS,Oct 21,,Blijdensteinplein,https://www.instagram.com/p/CylXYUrNJ1k/,,52.2209855,6.8940537
109,EUGENE,OR,US,Oct 21,,"Eugene Federal Courthouse, 405 E 8th Ave",https://www.instagram.com/p/Cyjvt_5P6wu/,,44.0505054,-123.0950506
110,FIRENZE ,,ITALY,Oct 21,,Piazza Santa Maria Novella,https://www.instagram.com/p/CylqUIrsXoE/,,43.7698712,11.2555757
111,FRANKFURT,,GERMANY,Oct 21,,Hauptwache,https://www.instagram.com/p/Cyl21ONMiHb/,,50.1106444,8.6820917
112,FRANKFURT,,GERMANY,Oct 21,,Opernplatz,https://www.instagram.com/p/CyjjDcirEUO/,,50.1106444,8.6820917
113,FREDERICK,MD,US,Oct 21,2:30 pm,1301 W Patrick St,https://www.instagram.com/p/CylV6ocu99O/,,39.415779,-77.4127562
114,GHEDI,,ITALY,Oct 21,,Piazza Roma,https://www.instagram.com/p/Cyk17_5MSSn/?g=5&img_index=1,,45.4015124,10.2768169
115,GLASGOW,,SCOTLAND,Oct 21,,Buchanan Steps,https://www.instagram.com/p/CydnmYuIEdR/?img_index=1,,55.861155,-4.2501687
116,GOTHENBURG,,SWEDEN,Oct 21,,"Gustaf Adolfs Torg, Gothenburg",https://www.instagram.com/p/CyihgSSMMUr/,,57.7072326,11.9670171
117,GRANADA,,SPAIN,Oct 21,,Plaza Nueva,https://www.instagram.com/p/CynVXRGIOeE/,,37.1734995,-3.5995337
118,GRENOBLE,,FRANCE,Oct 21,2:30 pm,Place Felix Poulat,https://www.instagram.com/reel/CyjAjQFtHn8/?utm_source=ig_web_copy_link,,45.1875602,5.7357819
119,GRONINGEN,,NETHERLANDS,Oct 21,,Grote Markt,https://www.instagram.com/p/CylXYUrNJ1k/,,53.2190652,6.5680077
120,HALIFAX,,NS (CANADA),Oct 21,7:30 pm,City Hall,https://www.instagram.com/p/CymHxCnpubm/,,44.648618,-63.5859487
121,HALIFAX,,ENGLAND,Oct 21,,Halifax Town Hall,https://www.instagram.com/p/CylXg_Qrenf/,,53.7229229,-1.8604874
122,HAMILTON,,NEW ZEALAND,Oct 21,,Wairere Drive and Naylor St,https://www.instagram.com/p/CynL834tgg9/?img_index=9,,-37.7878809,175.281788
123,HELSINKI,,FINLAND,Oct 21,,Railway Square,https://www.instagram.com/p/CynL834tgg9/?,,60.1674881,24.9427473
124,HOBART,,AUSTRALIA,Oct 21,,Hobart Town Hall,https://www.instagram.com/p/Cyh1xy1BMrU/,,-42.8825088,147.3281233
125,HOUSTON,TX,US,Oct 21,,"City Hall, 901 Bagby St",https://www.instagram.com/p/CykMTxauBNy/,,29.7589382,-95.3676974
126,INNSBRUCK,,AUSTRIA,Oct 21,,Annasaule,https://www.instagram.com/p/CynHYLtsA3v/,,47.2654296,11.3927685
127,JACKSONVILLE,FL,US,Oct 21,,"City Hall, 117 W Duval St",https://www.instagram.com/p/CykD_XcuEt5/,,30.3321838,-81.655651
128,LAWRENCE,KS,US,Oct 21,,,https://www.instagram.com/p/Cyi7sk1A_EV/,,38.9719384,-95.2359496
129,LEEUWARDEN,,NETHERLANDS,Oct 21,,Wilhelminaplein,https://www.instagram.com/p/CylXYUrNJ1k/,,53.2005936,5.7918548
130,LIMA,,PERU,Oct 21,,Paseo de la Republica al Parque Washington,https://www.instagram.com/p/CyjccTSPpga/,,-12.0621065,-77.0365256
131,LISBON,,PORTUGAL,Oct 21,,Rossio,https://www.instagram.com/p/Cylqcu1MNYV/?img_index=1,,38.7077507,-9.1365919
132,LIVERPOOL,,ENGLAND,Oct 21,,Church Street,https://www.instagram.com/p/CyiOb4zsLNP/,,53.4071991,-2.99168
133,LONDON,,ENGLAND,Oct 21,,M&S Marble Arch (pre-event for national demo.),https://www.instagram.com/p/CykgkyCo1jh/,,51.5073359,-0.12765
134,LONDON,,ENGLAND,Oct 21,,Marble Arch,https://www.instagram.com/p/CydcAJftpIk/?hl=en,,51.5073359,-0.12765
135,LOS ANGELES,CA,US,Oct 21,,"Pershing Square, 532 S Olive St",https://www.instagram.com/p/CykKrqArQvS/,,34.0536909,-118.242766
136,LURGAN,,IRELAND,Oct 21,,Market Street,https://www.instagram.com/p/CyVqB9oMOdR/,,53.8548002,-7.13927
137,LYON,,FRANCE,Oct 21,,Place des terreaux,https://www.instagram.com/p/CydYeShIIW7/,,45.7578137,4.8320114
138,MAASTRICHT,,NETHERLANDS,Oct 21,,Stationsplein,https://www.instagram.com/p/CyiTRQJoeid/?hl=en,,50.85798545,5.6969881818221095
139,MADISON,WI,US,Oct 21,,Wisconsin State Capitol,https://www.instagram.com/p/Cyjd03Opx7c/,,43.074761,-89.3837613
140,MALMO,,SWEDEN,Oct 21,5:30 pm,Gustaf Adolfs Torg,https://www.instagram.com/p/CynL834tgg9/?,,55.6052931,13.0001566
141,MANCHESTER,,ENGLAND,Oct 21,,"BBC HQ, MediaCity UK",https://www.instagram.com/p/Cyf3I0eITSo/,,53.4794892,-2.2451148
142,MARINGA,,BRAZIL,Oct 21,,Praca da Prefeitura foz de Iguacu,https://www.instagram.com/p/CyjH96Ex_VA/?img_index=1,,-23.425269,-51.9382078
143,MILANO,,ITALY,Oct 21,,Piazza Duca D’Aosta,https://www.instagram.com/p/CyiWJ06MXpM/,,45.4641943,9.1896346
144,MISSOULA,MT,US,Oct 21,,County Courthouse,https://www.instagram.com/p/CynL834tgg9/?img_index=8,,46.8701049,-113.995267
145,MOMBASA,,KENYA,Oct 21,,Mapembeni to Makadara,https://www.instagram.com/p/CyjM4kcol-V/,,-4.05052,39.667169
146,MUENSTER,,GERMANY,Oct 21,,Hauptbahnhof Munster,https://www.instagram.com/p/CyfnqywMCY3/?img_index=1,,51.9625101,7.6251879
147,MURCIA,,SPAIN,Oct 21,,Plaza de la Fuensanta,https://twitter.com/LibreRegion/status/1715343405658644572,,37.9923795,-1.1305431
148,NEW HARTFORD,NY,US,Oct 21,,Commercial Drive (Consumer Square) to Seneca Turnpike,https://www.answercoalition.org/join_a_protest_near_you_free_palestine,,43.073653,-75.287933
149,NEW PLYMOUTH,,NEW ZEALAND,Oct 21,,The Landing Ariki Street,https://www.instagram.com/p/CynL834tgg9/?img_index=9,,-39.0579941,174.0806474
150,NORFOLK,VA,US,Oct 21,,St Pauls Blvd and City Hall Ave,https://www.instagram.com/p/CycJ9wpxPrG/,,36.8448348,-76.2863999
151,OMAHA,NE,US,Oct 21,,72n & Dodge,https://www.instagram.com/p/CykjCFwutqV/?utm_source=ig_web_copy_link,,41.2587459,-95.9383758
152,OSLO,,NORWAY,Oct 21,,Stortinget,https://www.instagram.com/p/CynL834tgg9/?,,59.9133301,10.7389701
153,PALMERSTON NORTH,,NEW ZEALAND,Oct 21,,The Square,https://www.instagram.com/p/CynL834tgg9/?img_index=9,,-40.356317,175.6112388
154,PERTH,,AUSTRALIA,Oct 21,,Supreme Court Gardens,https://www.instagram.com/p/Cyh1xy1BMrU/,,-31.9558933,115.8605855
155,PHILADELPHIA,,PA (USA),Oct 21,5:30 pm,City Hall,https://www.instagram.com/p/CyihTJyO0cJ/?img_index=1,,39.9527237,-75.1635262
156,PALERMO,,ITALY,Oct 21,,Via Oreto 414,https://www.instagram.com/p/Cyk17_5MSSn/?img_index=3,,38.1112268,13.3524434
157,PISA,,ITALY,Oct 21,,,https://www.instagram.com/p/Cyk17_5MSSn/?g=5&img_index=2,,43.7159395,10.4018624
158,PORDENONE,,ITALY,Oct 21,,Piazzetta Cavour,https://www.instagram.com/p/CyiWJ06MXpM/,,45.9562503,12.6597197
159,PORTLAND,OR,US,Oct 21,,911 NE 11th Ave,https://www.instagram.com/p/CycjM7lLGw0/,,45.5202471,-122.674194
160,PROVIDENCE,,US,Oct 21,,RI State House Steps,https://www.answercoalition.org/join_a_protest_near_you_free_palestine,,41.8239891,-71.4128343
161,RECKLINGHAUSEN,,GERMANY,Oct 21,,Festlandhalle Herner St 160,https://www.instagram.com/p/CyjjDcirEUO/,,51.6143815,7.1978546
162,RENNES,,FRANCE,Oct 21,,sur la Dalle Kennedy,https://www.instagram.com/p/CyiexA8tbYW/,,48.1113387,-1.6800198
163,ROME,,ITALY,Oct 21,,,https://www.instagram.com/p/CyjFFnwt7Fh/,,41.8933203,12.4829321
164,SAN DIEGO,CA,US,Oct 21,,333 W Broadway,https://www.instagram.com/p/CymT6oIA7y_/,,32.7174202,-117.1627728
165,SAN LUIS OBISPO,CA,US,Oct 21,3:30 pm,SLO Downtown Monterey and Chorro,https://www.instagram.com/p/Cyhqi1tr2LI/,,35.3540209,-120.375716
166,SEATTLE,WA,US,Oct 21,,"Westlake Center, 400 Pine St",https://www.instagram.com/p/Cyjt0UCPYc4/,,47.6038321,-122.330062
167,SHEFFIELD,,ENGLAND,Oct 21,,,https://www.instagram.com/p/CyhLO_douVT/,,53.3806626,-1.4702278
168,SYDNEY,,AUSTRALIA ,Oct 21,,Sydney Town Hall,https://www.instagram.com/p/Cyh1xy1BMrU/,,-33.8698439,151.2082848
169,TALLAHASSEE,FL,US,Oct 21,,400 S Monroe St,https://www.answercoalition.org/join_a_protest_near_you_free_palestine,,30.4380832,-84.2809332
170,TAMPA,FL,US,Oct 21,,56th and Fowler,https://www.instagram.com/p/CyhXJSdsqsB/,,27.9477595,-82.458444
171,TEMPE,AZ,US,Oct 21,,"Tempe, exact location TBA",https://www.instagram.com/p/CyZdXy-vl2j/?igshid=MzRlODBiNWFlZA%3D%3D,,33.4255117,-111.9400164
172,TRALEE,,IRELAND,Oct 21,,The Square,https://www.instagram.com/p/CynL834tgg9/?img_index=3,,52.2692116,-9.7057047
173,UPPSALA,,SWEDEN,Oct 21,1:30 pm,Slotsbacken,https://www.instagram.com/p/CynL834tgg9/?,,59.8586126,17.6387436
174,VANCOUVER,,BC (CANADA),Oct 21,,Vancouver Art Gallery,https://www.instagram.com/p/Cyi4b81Rr6e/,,49.2608724,-123.113952
175,VIENNA,,AUSTRIA,Oct 21,,"Haus der EU, Wipplingerstrasse 35, Wien 1010",https://www.instagram.com/p/CyiZSYCs37c/,,48.2083537,16.3725042
176,WASHINGTON,,US,Oct 21,,Washington Monument,https://www.instagram.com/p/CyjAEl3uLPN/,,38.8950368,-77.0365427
177,WELLINGTON,,NEW ZEALAND,Oct 21,,"Steps of Parliament, Molesworth St",https://www.instagram.com/p/CynL834tgg9/?img_index=9,,-41.2887953,174.7772114
178,WHANGANUI,,NEW ZEALAND,Oct 21,11:300 am,Tram Shed Taupo Quay,https://www.instagram.com/p/CynL834tgg9/?img_index=9,,-39.9324904,175.0519306
179,WINNIPEG,,MANITOBA (CANADA),Oct 21,,"Memorial Park, Manitoba Legislative Bldg",https://www.instagram.com/p/CyeMFHRyklv/,,49.8955367,-97.1384584
180,ZARAGOZA,,SPAIN,Oct 21,,Glorieta Sasera,https://www.instagram.com/p/CynL834tgg9/?img_index=4,,41.6521342,-0.8809428
181,A CORUNA,,GALIZA,Oct 22,,Obelisco,https://www.instagram.com/p/Cyjg7_xo7jn/,,43.3709703,-8.3959425
182,ADELAIDE,,AUSTRALIA,Oct 22,,Parliament House,https://apan.org.au/wp-content/plugins/civicrm/civicrm/extern/url.php?u=23526&qid=3537717,,-34.9281805,138.5999312
183,ATLANTA,GA,US,Oct 22,,,https://www.instagram.com/p/CylkB_uOBC8/,,33.7489924,-84.3902644
184,BETANZOS,,GALIZA,Oct 22,,Carlton Claudino Pita,https://www.instagram.com/p/Cyjg7_xo7jn/,,43.2729197,-8.2218227
185,BOLOGNA,,ITALY,Oct 22,,Piazza dell’Unita,https://www.instagram.com/p/CyiWJ06MXpM/,,44.4938203,11.3426327
186,BOSTON,MA,US,Oct 22,,Copley Square,https://www.instagram.com/p/Cymlb98rc3j/?img_index=1,,42.3554334,-71.060511
187,BRANTFORD,,ON (CANADA),Oct 22,,"City Hall, 58 Dalhousie St",https://www.instagram.com/p/CylbUtLLTo_/,,43.1408157,-80.2631733
188,BRUSSELS,,BELGIUM,Oct 22,,Schuman Roundabout,https://www.instagram.com/p/CyhEKtZNtvI/,,50.8550018,4.3512333761166175
189,BURELA,,GALIZA,Oct 22,,Praza do Concello,https://www.instagram.com/p/Cyjg7_xo7jn/,,43.6587115,-7.3664936
190,CAPE TOWN,,SOUTH AFRICA,Oct 22,10:30 am,"Primrose Rugby Field, Kenilworth Spare Entrance",https://www.instagram.com/p/CynL834tgg9/?img_index=10,,-33.928992,18.417396
191,CAPE TOWN,,SOUTH AFRICA,Oct 22,,"Albert and Fenton Rd, Salt River",https://www.instagram.com/p/CynL834tgg9/?img_index=10,,-33.928992,18.417396
192,COMPOSTELA,,GALIZA,Oct 22,,Praza Roxa,https://www.instagram.com/p/Cyjg7_xo7jn/,,42.8804219,-8.5458608
193,COPENHAGEN,,DENMARK,Oct 22,,Den Rode Plads,https://www.facebook.com/events/784798583402041,,55.6867243,12.5700724
194,DALLAS,TX,US,Oct 22,,"Dallas City Hall, 1500 Marilla St",https://www.instagram.com/p/CymxMviMmBk/,,32.7762719,-96.7968559
196,DUNDALK,,IRELAND,Oct 22,,Town Square,https://www.instagram.com/p/CynL834tgg9/?img_index=3,,54.0046033,-6.4008879
197,FERROL,,GALIZA,Oct 22,,Praza do Concello,https://www.instagram.com/p/Cyjg7_xo7jn/,,43.4846862,-8.233162
198,HALIFAX,,NS (CANADA),Oct 22,,Citadel Hill,https://www.instagram.com/p/CygwQ3fpVRB/,,44.648618,-63.5859487
199,HONOLULU,,HAWAII,Oct 22,,Ala Moana Blvd and Atkinson Drive,https://www.instagram.com/p/CykYmg3ryZi/,,21.304547,-157.855676
200,INDIANAPOLIS,IN,US,Oct 22,5:30 pm,Monument Circle,https://www.instagram.com/p/CykL6X7sPsy/,,39.7683331,-86.1583502
201,IRVINE,CA,US,Oct 22,,Irvine City Hall,https://chat.whatsapp.com/LrJ6zyHTnNl4otkVBZDimn,,33.6856969,-117.8259819
203,LAS VEGAS,NV,US,Oct 22,,333 S Las Vegas Blvd,https://www.instagram.com/p/Cyl8gfNS4F2/,,36.1672559,-115.148516
204,LONGFORD,,IRELAND,Oct 22,1:30 pm,Market Square,https://www.instagram.com/p/CynL834tgg9/?img_index=3,,53.73199995,-7.695350133363351
205,LUGO,,GALIZA,Oct 22,,Diante do Concello,https://www.instagram.com/p/Cyjg7_xo7jn/,,43.0462247,-7.4739921
206,LURGAN,,IRELAND,Oct 22,,Market Street,https://www.instagram.com/p/CynL834tgg9/?img_index=3,,53.8548002,-7.13927
207,MALMO,,SWEDEN,Oct 22,5:30 pm,Gustaf Adolfs Torg,https://www.instagram.com/p/CynL834tgg9/?,,55.6052931,13.0001566
208,MARINGA,,BRAZIL,Oct 22,,,https://www.instagram.com/p/CyjH96Ex_VA/?img_index=1,,-23.425269,-51.9382078
209,MELBOURNE,,AUSTRALIA,Oct 22,,State Library Victoria,https://www.instagram.com/p/Cyh1xy1BMrU/,,-37.8142454,144.9631732
210,MEMPHIS,TN,US,Oct 22,,Fedex Forum to Tom Lee Park,https://www.instagram.com/p/Cyhl0RAs_ud/,,35.1460249,-90.0517638
211,MEXICO CITY,,MEXICO,Oct 22,,Angel de la Independencia,https://www.facebook.com/events/1981111705584586/?ref=newsfeed,,19.4326296,-99.1331785
212,MILWAUKEE,WI,US,Oct 22,,Red Arrow Park,https://www.instagram.com/p/CynL834tgg9/?img_index=8,,43.0349931,-87.922497
213,MINNEAPOLIS,MN,US,Oct 22,,Loring Park,https://www.instagram.com/p/CyljAHdOpDS/,,44.9772995,-93.2654692
214,MONFORTE,,GALIZA,Oct 22,,Praza de Espana,https://www.instagram.com/p/Cyjg7_xo7jn/,,43.3637084,-8.4180234
215,MONTEREY,CA,US,Oct 22,,717 Del Monte Ave,https://www.instagram.com/p/CyluM4pJ8H_/,,36.2231079,-121.387742
216,MONTREAL,,QUEBEC,Oct 22,,Dorchester Square,https://www.instagram.com/p/CyjIWsWAmLO/?img_index=1,,45.5031824,-73.5698065
217,NASHVILLE,TN,US,Oct 22,,1 Public Square,https://www.instagram.com/p/Cyem3vLRJHD/?img_index=1,,36.1622767,-86.7742984
218,NEW HAVEN,CT,US,Oct 22,2:30 pm,"New Haven Green, 250 Temple St",https://www.instagram.com/p/CyhXlVsAjHX/,,41.3082138,-72.9250518
219,OMAHA,NE,US,Oct 22,,72n & Dodge,https://www.instagram.com/p/CykjCFwutqV/?utm_source=ig_web_copy_link,,41.2587459,-95.9383758
221,OURENSE,,GALIZA,Oct 22,,Rua Paseo (subdelegacion de Defensa),https://www.instagram.com/p/Cyjg7_xo7jn/,,42.1968459,-7.6114105
222,QUEENS,NY,US,Oct 22,,"Diversity Plaza, 73-19 37th Rd, Flushing",https://www.instagram.com/p/Cyf_86FtSPe/,,40.7135078,-73.8283132
223,PARIS,,FRANCE,Oct 22,,Place de la Republique,https://twitter.com/SamidounPB/status/1715326682012193012,,48.8534951,2.3483915
224,PATERSON,NJ,US,Oct 22,,Palestine Way and Gould Ave,https://www.instagram.com/p/CylszahgR8Q/?img_index=2,,40.9167654,-74.171811
225,PONTEVEDRA,,GALIZA,Oct 22,,Praza da Peregrina,https://www.instagram.com/p/Cyjg7_xo7jn/,,42.6075172,-8.4714942
226,RALEIGH,NC,US,OCt 22,,Moore Square,https://www.instagram.com/p/CyjJRynxJDu/,,35.7803977,-78.6390989
227,RIBEIRA,,GALIZA,Oct 22,,Praza do Concello,https://www.instagram.com/p/Cyjg7_xo7jn/,,42.5805628,-9.013685
228,ROTTERDAM,,NETHERLANDS,Oct 22,,Binnenrotte,https://www.instagram.com/p/CyjYILxo__M/,,51.9244424,4.47775
229,SAINT JOHN,,NB (CANADA) –,Oct 22,,King’ Square,https://www.instagram.com/p/Cyma9WZtf8T/,,45.278752,-66.058044
230,SAO PAULO,,BRAZIL,Oct 22,,Praca Oswaldo Cruz,https://www.instagram.com/p/CyjH96Ex_VA/?img_index=1,,-23.5506507,-46.6333824
231,SEOUL,,SOUTH KOREA,Oct 22,,,https://www.instagram.com/p/CylYdkTxvE3/,,37.5666791,126.9782914
232,STOCKHOLM,,SWEDEN,Oct 22,,Sergels Torg,https://www.instagram.com/p/CynL834tgg9/?,,59.3251172,18.0710935
233,STUTTGART,,GERMANY,Oct 22,,Schlossplatz,https://www.instagram.com/p/CyjjDcirEUO/,,48.7784485,9.1800132
234,VICTORIA,,BC (CANADA),Oct 22,,"BC Legislature, 501 Belleville St",https://www.instagram.com/p/Cyly6ypvkIy/?img_index=5,,48.4283182,-123.3649533
235,VIGO,,GALIZA,Oct 22,,Saida Cruce de Via Norte,https://www.instagram.com/p/Cyjg7_xo7jn/,,42.1964491,-8.7117809
236,VILAGARCIA,,GALIZA,Oct 22,,Praza da Galiza,https://www.instagram.com/p/Cyjg7_xo7jn/,,42.5954616,-8.766849
237,ANN ARBOR,MI,US,Oct 23,,"Rep Debbie Dingell Office, 2006 Hogback Road",https://www.instagram.com/p/CymrNRDL6iW/,,42.2681569,-83.7312291
240,MIAMI,FL,US,Oct 23,6:30 pm,The Rock Plaza,https://www.instagram.com/p/CylpfXxOkBF/,,25.7741728,-80.19362
241,NEW YORK,NY,US,Oct 23,6:30 pm,"14th St Par, W 14th St & 10th Ave",https://www.instagram.com/p/CyilWGmuMqy/,,40.7127281,-74.0060152
242,SAO PAULO,,BRAZIL,Oct 23,,,https://www.instagram.com/p/CyjH96Ex_VA/?img_index=1,,-23.5506507,-46.6333824
243,BRONX,NY,US,Oct 24,3:30 pm,"Rep Ritchie Torres Office, 540 E Fordham Rd",https://www.instagram.com/p/CymnTP3oeYe/,,40.8466508,-73.8785937
244,CANBERRA,,AUSTRALIA,Oct 25,,National Press Club,https://www.instagram.com/p/Cyh1xy1BMrU/,,-35.2975906,149.1012676
245,OXFORD,,ENGLAND,Oct 25,12:15 pm,Cornmarket,https://www.instagram.com/p/CykroKeInz3/?utm_source=ig_web_copy_link,,51.7520131,-1.2578499
247,ST CATHERINES,,ON ( CANADA),Oct 25,,61 Geneva St,https://www.facebook.com/events/889319005528757/,,43.1893465,-79.17101307089553
248,TORONTO,,CANADA,Oct 25,,Sidney Smith Hall,https://www.instagram.com/p/CyjVbpGvva8/,,43.6534817,-79.3839347
249,SANT CUGAT,,CATALONIA,Oct 26,,Davant l’Ajuntament,https://www.instagram.com/p/CynL834tgg9/?img_index=4,,41.4728432,2.0817809
250,MELBOURNE,,AUSTRALIA,Oct 27,,Federation Square,https://www.instagram.com/p/Cyhyd0vhP8t/,,-37.8142454,144.9631732
251,LIVORNO,,ITALY,Oct 28,2:30 pm,Piazza Cavour,https://www.instagram.com/p/CyiWJ06MXpM/,,42.790216599999994,10.340278678735025
252,ROME,,ITALY,Oct 28,,,https://www.instagram.com/p/Cyi7ey-MMs1/?img_index=1,,41.8933203,12.4829321
253,ROME,,ITALY,Nov 4,,,https://www.instagram.com/p/CyndKUitnMU/,,41.8933203,12.4829321
255,DENVER,CO,US,,,Colorado State Capital. Organizer: Colorado Palestine Coalition,https://www.instagram.com/p/CyGx9TlrCIf/,,39.7392364,-104.984862
256,ALBUQUERQUE,NM,US,,,"UNM Bookstore. Organized by PSL, Samidoun and more",https://www.instagram.com/p/CyH8K-au03B/,,35.0841034,-106.650985
257,ANAHEIM,CA,US,,,"Brookhurst and Brookmore, Anaheim. Organized by PYM",https://www.instagram.com/p/CyHIZJwgz36/,,33.8347516,-117.911732
258,ANCHORAGE,AK,US,,,,https://www.answercoalition.org/join_a_protest_near_you_free_palestine,,61.1758781,-149.1107333
259,ATHENS,GA,US,,,,https://www.instagram.com/p/CyHJDCYxK5G,,33.9597677,-83.376398
260,ATLANTA,GA,US,,,,https://www.answercoalition.org/join_a_protest_near_you_free_palestine,,33.7489924,-84.3902644
261,AUSTIN,TX,US,,,"TX State Capitol, Austin. Organized by PSL",https://twitter.com/RozanaYousef93/status/1710916902007042145,,30.2711286,-97.7436995
262,BALTIMORE,MD,US,,2:30 pm,Baltimore City Hall. Organized by PSL,https://www.instagram.com/p/CyHb8JsAzMq,,39.2908816,-76.610759
263,BARCELONA,,CATALONIA,,,"Pl. Sant Jaume, Barcelona",https://www.instagram.com/p/CyGyCilKti7/,,41.3828939,2.1774322
264,BELFAST,,IRELAND,,,Belfast City Hall. Organized by Belfast Palestine Solidarity Campaign,https://twitter.com/ipsc48/status/1710958740042563740,,54.596391,-5.9301829
265,BIRMINGHAM,,ENGLAND,,,"Outside Barclays, High Street. Organizers: WMPSC, STWC",https://www.instagram.com/p/CyG405bIut4/,,52.4796992,-1.9026911
266,BOISE,ID,US,,,,https://www.answercoalition.org/join_a_protest_near_you_free_palestine,,43.6166163,-116.200886
267,CAPE TOWN,,SOUTH AFRICA,,,,https://www.instagram.com/p/CyIPWvGthWF/,,-33.928992,18.417396
268,CAPE TOWN,,SOUTH AFRICA,,,Cape Town,https://www.instagram.com/p/CyIPWvGthWF/,,-33.928992,18.417396
269,CHICAGO,IL,US,,,"Zionist Consulate, 500 W Madison St. Chicago. Organizer: Chicago Coalition for Justice in Palestine",https://www.instagram.com/p/CyG9ggCuEUO/,,41.8755616,-87.6244212
270,COLUMBUS,OH,US,,,Ohio Statehouse. Organizers: OSU Students for Justice in Palestine,https://www.instagram.com/p/CyHHd84O9WR/,,39.9622601,-83.0007065
271,COPENHAGEN,,DENMARK,,,"Den Rode Plads, Copenhagen",https://www.instagram.com/p/CyHFFB1s-zO/,,55.6867243,12.5700724
273,DEN HAAG ,,NETHERLANDS,,,Town Center,https://www.instagram.com/p/CyIUObot3RZ/,,52.07494555,4.2696802205364515
274,EDMONTON,,CANADA,,,"Castle Downs Park, 11520 153 Ave, Edmonton. Organized by Free Palestine YEG",https://www.instagram.com/p/CyHXWtfPvOR/,,53.5462055,-113.491241
275,FORT LAUDERDALE,FL,US,US 1,4:30 pm,Sunrise  Blvd & US 1. Organizer: Troika Kollektiv,https://www.instagram.com/reel/CyIbZF5NCmh/,,26.1223084,-80.1433786
276,GRONINGEN,,NETHERLANDS,,,Broerstraat Groningen. Organizer: Groningen for Palestine,https://www.instagram.com/p/CyGwxkpI3mj/,,53.2190652,6.5680077
277,HOMOSASSA,,FL,Hwy 19,,,https://www.answercoalition.org/join_a_protest_near_you_free_palestine,,28.782535,-82.60652720207852
278,KIRKLAND,,US,,3:30 pm,"Peter Kirk Park, 202 3rd St, Kirkland WA. With Samidoun, SUPER UW, Beldaan, Falastiniyat, JVP",https://www.instagram.com/p/CyHke2fRaPv/?utm_source=ig_web_copy_link,,47.6765382,-122.2070775
279,LEIDEN,,NETHERLANDS,,,Leiden CS voorkant,https://www.instagram.com/p/CyIUObot3RZ/,,52.1594747,4.4908843
280,MADISON,WI,US,,,,https://www.instagram.com/p/CyHYj8ZJ_KO/,,43.074761,-89.3837613
281,MANCHESTER,,ENGLAND,,,"Picadilly Gardens, Manchester. Organizers: Youth Front  for Palestine, Manchester Palestine Action",https://www.instagram.com/p/CyGlg7vszYt/,,53.4794892,-2.2451148
282,MARTINSBURG,WV,US,,,Martinsburg Town Hall. Organized by PSL,https://www.instagram.com/p/CyHwXPPA2CV/,,39.4562528,-77.9639604
283,MONTREAL,,QUEBEC (CANADA),,,"Dorchester Square, Montreal. Organizer: Palestinian Youth Movement",https://www.instagram.com/p/CyGe-yEAzpO/,,45.5031824,-73.5698065
284,NEW YORK,,NY,and 42,,"Broadway and 42nd, Times Square. Organized by PYM, Al-Awda, PSL, Peoples Forum, AMP and more",https://www.instagram.com/p/CyHBTxWgJAT/,,40.7127281,-74.0060152
285,OSLO,,NORWAY,,,"Jernbanetorget, Oslo. Organized: Palestinakomiteen i Norge",https://www.instagram.com/p/CyHMeoUKCS_/?utm_source=ig_web_copy_link,,59.9133301,10.7389701
286,OTTAWA,,CANADA,,,"220 Elgin St, Ottawa. Organized by PYM, APAC, SJP Carleton & more",https://www.instagram.com/p/CyHEq63gLjX/,,45.4208777,-75.6901106
287,PENSACOLA,FL,US,,,"Seville Square, 311 E Government St. Organized by PSL",https://www.instagram.com/p/CyHFF_ZvI_k/,,30.421309,-87.2169149
288,PHILADELPHIA,PA,US,,,Rittenhouse Square. Organizer: Philly Palestine Coalition,https://www.instagram.com/p/CyG6vcop4i3/,,39.9527237,-75.1635262
289,PORTLAND,OR,US,,,The Dumbbell. Organized by PSL,https://www.instagram.com/p/CyHYInRP9XW/,,45.5202471,-122.674194
290,PROVIDENCE,RI,US,,,,https://www.answercoalition.org/join_a_protest_near_you_free_palestine,,41.8239891,-71.4128343
291,RALEIGH,NC,US,,,"Moore Square (201 S Blount St, Raleigh.) Organized by PSL, Samidoun, Migrant Roots and more",https://www.instagram.com/p/CyHNmnWRgmp/?utm_source=ig_web_copy_link,,35.7803977,-78.6390989
292,ROTTERDAM,,NETHERLANDS,,,"Rotterdam Centraal Staatsplein. Organizer: Samidoun NL, Revolutionaire Eenheid, PG NL",https://www.instagram.com/p/CyG_l8WIpAi/?hl=en,,51.9244424,4.47775
293,SALT LAKE CITY,UT,US,,,"Wallace F Bennett Federal Bldg, 125 State St. Organized by PSL",https://www.answercoalition.org/join_a_protest_near_you_free_palestine,,40.7596198,-111.886797
294,SAN ANTONIO,TX,US,,,655 Cesar E Chavez Blvd. Organized by San Antonio for Justice in Palestine,https://www.facebook.com/groups/sajpactivists/posts/6434262203348771/,,29.4246002,-98.4951405
295,SAN ANTONIO,TX,US,,,Mary Louise Station (Fredericksburg & San Antonio Blvd),https://twitter.com/IglesiasEI15/status/1710816226383941730,,29.4246002,-98.4951405
296,SAN DIEGO,CA,US,,,"6th and Laurel. Organized by PYM, SJP SDSU, PSL, AMP and more",https://www.instagram.com/p/CyHbQtbPNEH/?utm_source=ig_web_copy_link,,32.7174202,-117.1627728
297,SAN FRANCISCO,CA,US,,,Zionist Consulate. Organized by broad coalition (see at link),https://www.instagram.com/p/CyHLXrhA2zE/,,37.7790262,-122.419906
298,SPRINGFIELD,MO,US,,,Park Central Square. Organized by PSL,https://www.answercoalition.org/join_a_protest_near_you_free_palestine,,37.1968298,-93.2946576
299,TACOMA,WA,US,,,,https://www.answercoalition.org/join_a_protest_near_you_free_palestine,,47.2455013,-122.438329
300,TAMPA,FL,US,,,"56th and Fowler, Tampa. Sponsored by PSL, Resistance of Tampa Bay",https://www.answercoalition.org/join_a_protest_near_you_free_palestine,,27.9477595,-82.458444
301,TEMPE,AZ,US,,,"Tempe Beach Park. Organized by PSL, Anakbayan, MECHA de ASU and more",https://www.instagram.com/p/CyIBvuBuhwD/,,33.4255117,-111.9400164
302,VENTURA,CA,US,,,,https://www.answercoalition.org/join_a_protest_near_you_free_palestine,,34.4458248,-119.0779359
303,VANCOUVER,,BC (CANADA),,,"Banner Drop for Palestine, Main St and Prior St, Vancouver. Organizer: Samidoun Vancouver, Canada Palestine Association, BDS Vancouver",https://www.instagram.com/p/CyGxJ98J9W6/,,49.2608724,-123.113952
304,WASHINGTON,,US,,,"Lafayette Square. Organized by: PYM, Maryland2Palestine, ANSWER, PSL",https://www.answercoalition.org/join_a_protest_near_you_free_palestine,,38.8950368,-77.0365427
307,BOSTON,,US,,,Cambridge City Hall,https://www.instagram.com/p/CyH1OrRMeWi/,,42.3554334,-71.060511
308,BUENOS AIRES,,ARGENTINA,y 9,2:30 pm,"Av de Mayo y 9 de Julio, Israeli embassy. Organized by Argentine committee in solidarity with the Palestinian people",https://www.instagram.com/p/CyKNi2tqMwL/,,-34.6075682,-58.4370894
309,CLEVELAND,OH,US,,5:30 pm,"Market Square. Organized by PSL, Al-Awda, PYM",https://www.instagram.com/p/CyJJymEgQGt/,,41.4996574,-81.6936772
310,COMPOSTELA,,GALICIA (SPAIN),,,"Praza do Toural. Organizers: Mar de Lumes, Galiza por Palestina, BDS and more",https://twitter.com/mardelumes/status/1710941315498725824,,42.8804219,-8.5458608
311,DUBLIN,,IRELAND,,5:30 pm," Dáil. Organized by TSU ,People before Profit, more",https://www.instagram.com/p/CyLcoehMMZR/,,53.3493795,-6.2605593
312,GOTHENBURG,,SWEDEN,,5:30 pm,Brunnsparken. Organized by Palestinska samordningsgruppen Gothenburg,https://www.instagram.com/p/CyKzIcCsoaz/,,57.7072326,11.9670171
313,HALIFAX,,NOVA SCOTIA (CANADA),Oct 9,,HFX Waterfront (The Wave) Organized by Free Palestine Halifax,https://www.instagram.com/p/CyJwJTFppll/,,44.648618,-63.5859487
314,HONOLULU,,HAWAII,,,Dole St and University Ave. Organized by SFJP UH,https://www.instagram.com/p/CyH82TEOZY6/,,21.304547,-157.855676
315,JACKSONVILLE,,US,,,"Duval County Courthouse. Organized by SDS, FRSO, ICAC and more",https://www.instagram.com/p/CyLPMNmOU3B/,,30.3321838,-81.655651
316,LEICESTER,,ENGLAND,Oct 9,,"Elbit Factory, Unit F, Meridian East. Call from Palestine Action",https://www.instagram.com/p/CyJm63XNQyH/,,52.6362,-1.1331969
317,LISBON,,PORTUGAL,Oct 9,,Largo de Camoes. Organized by Coletivo pela Libertação da Palestina,https://www.instagram.com/p/CyJwAH0scTl/,,38.7077507,-9.1365919
318,LONDON,,ENGLAND,,,"Israeli Embassy. Organized by many groups (FOA, PSC, STWC, etc)",https://www.instagram.com/p/CyGTCBptrA5/,,51.5073359,-0.12765
319,LONDON,,ENGLAND (SOAS),Oct 9,3:30 pm,SOAS Steps. Organized by SOAS Palestine Society,https://www.instagram.com/p/CyJ5150vau-/,,51.5218979,-0.1288676341954016
320,LONDON,,ONTARIO (CANADA),,,,https://www.instagram.com/p/CyH63tusJTS/,,42.9832406,-81.243372
321,LYON,,FRANCE,Oct 9,6:30 pm,"Place du Pont, Metro Guillotiere. Organized by La Fosse aux Lyons",https://www.instagram.com/p/CyJPKgBoQHJ/,,45.7578137,4.8320114
322,MADRID,,SPAIN,,,"Puerta del Sol. Organizers: Masar Badil, Samidoun Spain, Alkarama, Alyudur, Unadikum",https://www.instagram.com/p/CyHFOVLqKw0/,,40.4167047,-3.7035825
323,MINNEAPOLIS,,US,,,"Sen. Klobuchar office, 1200 S Washington Ave, Minneapolis. Organized by Anti-War Committee",https://www.answercoalition.org/join_a_protest_near_you_free_palestine,,44.9772995,-93.2654692
325,NEW HAVEN,CT,US,pm 165,,,https://www.instagram.com/p/CyIwyqrgCqh,,41.3082138,-72.9250518
326,NEW ORLEANS,LA,US,,5:30 pm,"Duncan Plaza, New Orleans Organized by PSL, JVP, FRSO",https://www.instagram.com/p/CyJLa_4uzQ9,,29.9759983,-90.0782127
327,NEW YORK,NY,US,,,"Zionist Embassy, 800 2nd Avenue, NYC. Organizer: Within Our Lifetime, Samidoun NY/NJ, Existence is Resistance, Decolonize this Place, CUNY For Palestine & more",https://www.instagram.com/p/CyG85-SAXsB/,,40.7127281,-74.0060152
328,OMAHA,NE,US,pm 72,,,https://www.instagram.com/p/CyMRZiuPquS/,,41.2587459,-95.9383758
329,ORMOND BEACH,FL,US,,,,https://www.answercoalition.org/join_a_protest_near_you_free_palestine,,29.2854132,-81.0557921
330,OURENSE,,GALIZA,Oct 9,,"Subdelegação do Governo. Organized by Mar de Lumes, BDS and more",https://www.instagram.com/p/CyJe0AvI3pU/,,42.1968459,-7.6114105
331,PATERSON,NJ,US,,5:30 pm,"Palestine Way and Gould Ave, Paterson. Organized by PACC, AMP, BLM, CAIR",https://www.instagram.com/p/CyKSPrOAQNQ/,,40.9167654,-74.171811
332,SAINT JOHN,,NEW BRUNSWICK,Oct 9,,"King Square, Saint John NB. Organized by PSC of Saint John",https://www.instagram.com/p/CyJVhnbLOD-/,,45.278752,-66.058044
333,SANTIAGO,,CHILE,Oct 9,,"Club Palestino, Avenida Kennedy 9351",https://www.instagram.com/p/CyMFLq4Jotq/,,-33.4377756,-70.6504502
334,STUTTGART,,GERMANY,Oct 9,,Rotebuhlplat to Konigstrasse. Organized by Stuttgart Palestine Committee,https://www.instagram.com/p/CyLTd3ssx0m/,,48.7784485,9.1800132
335,SYDNEY,,AUSTRALIA,,5:30 pm,,https://www.instagram.com/p/CyHLhgnBEv4/?utm_source=ig_web_copy_link,,-33.8698439,151.2082848
336,TORONTO,,CANADA,,,"Nathan Phillips Square, Toronto. Organized by PYM",https://www.instagram.com/p/CyGtNclA55P/,,43.6534817,-79.3839347
337,TUCSON,AZ,US,Oct 9,4:30 pm,"Federal Bldg, 300 W Congress St. Organized by SJP U Arizona",https://www.instagram.com/p/CyJ5150vau-/,,32.2228765,-110.974847
338,VANCOUVER,,BC (CANADA),,,"Vancouver Art Gallery. Organized by PYM, Samidoun, CPA, SPHR UBC, BDS Vancouver",https://www.instagram.com/p/CyHOjTlAE2r/,,49.2608724,-123.113952
339,WALSALL,,ENGLAND,,,"Gallery Square. Organized by MAB, Walsall Kobar, more",https://www.instagram.com/p/CyJv9QSIc27/,,52.5847949,-1.9822687
340,ALBANY,NY,US,Oct 10,,"Townsend Park. Organized by ANSWER, DSA, SJP",https://www.answercoalition.org/join_a_protest_near_you_free_palestine,,42.6511674,-73.754968
341,BEIRUT,,LEBANON,Oct 10,,"Upper Gate, Lebanese American University. Organized by LAU Palestinian Cultural Club",https://www.instagram.com/p/CyLjyonsuyK/,,33.8959203,35.47843
342,BOSTON,,MA,Oct 10,,"Science Center Plaza, Harvard University. Organized by Harvard PSC",https://www.instagram.com/p/CyMGY4aptKb/,,42.3554334,-71.060511
343,DERRY,,IRELAND,Oct 10,,Free Derry Wall. Organized by IPSC Derry,https://www.instagram.com/p/CyJXqqXsava/,,52.7121722,-6.5831338
344,DES MOINES,IA,US,Oct 10,6:30 pm,Cowles Commons (221 Walnut St) Organized by PSL,https://www.answercoalition.org/join_a_protest_near_you_free_palestine,,41.5910323,-93.6046655
345,EDINBURGH,,SCOTLAND,,9:30 am,Outside Edinburgh Sheriff Court. Organized by Scottish PSC,https://www.scottishpsc.org.uk/statements/call-to-action-14-october-at-2pm,,55.9533456,-3.1883749
346,FAIRFAX COUNTY,VA,US,Oct 10,7:30 pm,Wilkins Plaza GMU Fairfax Campus (Vigil for Martyrs.) Organized by SJP Mason,https://www.instagram.com/p/CyMC5mcvUc7/,,38.8156356,-77.2836849
347,GALWAY,,IRELAND,Oct 10,6:30 pm,Eyre Square. Organized by Ireland PSC,https://www.instagram.com/p/CyMQ3ZTMoIL/,,53.2744122,-9.0490601
348,GRANADA,,SPAIN,,,"Plaza del Carmen, Granada. Organized by BDS, Alkarama, Alyudur, IU, others",https://www.instagram.com/p/CyLS0upoB7V/,,37.1734995,-3.5995337
349,HARTFORD,CT,US,Oct 10,5:30 pm,"Capitol Building. Organized by AMP, SJP Uconn",https://www.instagram.com/p/CyJ_zx5Au9S/,,41.764582,-72.6908547
350,LYON,,FRANCE,,,,https://www.instagram.com/p/CyN9U-jt02S/,,45.7578137,4.8320114
351,MADISON,WI,US,Oct 10,,,https://www.instagram.com/p/CyMx70VrEeH/,,43.074761,-89.3837613
352,MANCHESTER,,ENGLAND,Oct 10,,Brooks Bar Junction. Organized by Whalley Range Peace adnd Justice,https://www.instagram.com/p/CyMa3hAMcYK/,,53.4794892,-2.2451148
353,MILANO,,ITALY,,5:30 pm,"Palazzo Marino. Organized by Young Palestinians of Italy, UDAP, Palestinian Community, Association of Palestinians",https://www.instagram.com/p/CyLJrQNMjhH/,,45.4641943,9.1896346
354,NAARM,,AUSTRALIA,,,State Library Victoria,https://www.instagram.com/p/CyNPE21JM4e/,,-37.8142454,144.9631732
355,NEWARK,NJ,US,Oct 10,,"Sen. Cory Booker’s Office, 1 Gateway Center, Newar. Organized by AMP",https://www.instagram.com/p/CyMhSVpLQj0/,,40.735657,-74.1723667
356,RIVAS-VACIAMADRID,,SPAIN,,,Plz de la Constitucion. Organized by Pallasos en Rebeldia with many others,https://www.instagram.com/p/CyI3o9mMBKH/,,40.3536054,-3.5310879
357,SANTIAGO,,CHILE,Oct 10,7:30 pm,"In front of CEPAL, UN office in Chile, Dag Hammarskjold 3477, Vitacura. Organized by Comunidad Palestina de Chile",https://www.instagram.com/p/CyMZ_rsJyxA/,,-33.4377756,-70.6504502
358,SAO PAULO,,BRAZIL,Oct 10,,"Al Janiah, Rua Rui Barbosa, 269; Centro, Sao Paulo.  Organized by Al Janiah",https://www.instagram.com/p/CyKKWDitI1N/,,-23.5506507,-46.6333824
359,SHEFFIELD,,BRITAIN,,4:30 pm,"Sheffield Train Statiion. Organized by PSC, U of Sheffield Palestine Society",https://www.instagram.com/p/CyLSN0gsuKi/,,53.4945901,-1.2970617
360,VALENCIA,,SPAIN,Oct 10,,"Pl. de l’Ajuntament. Organized by BDS, Al Yudur, more",https://www.instagram.com/p/CyJHf4QKz8H/,,39.4697065,-0.3763353
361,VIGO,,GALIZA,Oct 10,,"Farola de Urzaiz. Organized by Mar de Lumes, BDS and others",https://www.instagram.com/p/CyL4ZzwICzv/,,42.1964491,-8.7117809
362,ANTWERP,,BELGIUM,,,"Operaplein, Antwerpen",https://www.facebook.com/photo/?fbid=622965213376187&set=a.478577697814940,,51.2211097,4.3997081
363,BARCELONA,,CATALONIA,Wed 11,,Passeig de Gracia 90 (Cantonada Provença),https://www.instagram.com/p/CyNYonjq1qZ/,,41.3828939,2.1774322
364,BERLIN,,GERMANY,,,"Richardplatz, Neukolln, Berlin. Organized by Palestine Campaign",https://www.instagram.com/p/CyLLFffsaRz/,,52.5170365,13.3888599
365,BOLOGNA,,ITALY,,,Piazza del Nettuno. Organized by Rete dei Comunisti and OSA,https://www.instagram.com/p/CyLT2YHtQvR/,,44.4938203,11.3426327
366,BRUSSELS,,BELGIUM,Oct 11,,Rue des Petits Carmes. Organized by Samidoun Brussels,https://www.facebook.com/events/s/solidarite-avec-la-resistance-/1375155510066980/,,50.8550018,4.3512333761166175
369,CHICAGO,IL,US,Oct 11,4:30 pm,Michigan and Ida B. Wells. Organized by Chicago Coalition for Palestine,https://www.instagram.com/p/CyMfVoXs1EQ/,,41.8755616,-87.6244212
370,DUBLIN,,IRELAND,Oct 11,5:30 pm,The Spire. Organized by Ireland PSC,https://www.instagram.com/p/CyLxdq7Mp4K/,,53.3493795,-6.2605593
371,DURBAN,,SOUTH AFRICA,Oct 11,,"Berea Tollgate Bridge, Meeting point 459 Dinizulu Road, Berea",https://www.instagram.com/p/CyN3iZFNPse/,,-29.861825,31.009909
372,EDINBURGH,,SCOTLAND,Oct 11,,Bristo Square. Organized by EUJPS,https://www.instagram.com/p/CyMCy8So5jj/,,55.9533456,-3.1883749
373,FRANKFURT,,GERMANY,Oct 11,,My Zeil,https://www.instagram.com/p/CyOIO0Lsiou/,,50.1106444,8.6820917
374,GOTHENBURG,,SWEDEN,,5:30 pm,Brunnsparken. Organized by Palestinska samordningsgruppen Gothenburg,https://www.instagram.com/p/CyKzIcCsoaz/,,57.7072326,11.9670171
375,JOHANNESBURG ,,SOUTH AFRICA,,4:30 pm,"US Consulate, 1 Sandton Drive, Sandton. Organized Wits PSC",https://www.instagram.com/p/CyK9r5gKzzs/,,-26.205,28.049722
376,LIMA,,PERU,Oct 11,,"In front of the Peruvian Cancilleria, Jiron Ucayali 363. Organized by BDS Peru",https://www.instagram.com/p/CyMypvBruO0/,,-12.0621065,-77.0365256
377,LYON,,FRANCE,Oct 11,6:30 pm,"Place de la comedie, at Opera Lyon. Organized by Collectif 69 de soutien au peuple palestinen",https://www.instagram.com/p/CyNxaYmoZNv/,,45.7578137,4.8320114
378,MANCHESTER,NH,US,,,"Senator Jeanne Shaheen’s office, 1000 Elm St. Organizers: PSL, ANSWER",https://www.answercoalition.org/join_a_protest_near_you_free_palestine,,42.9956397,-71.4547891
379,MILWAUKEE,WI,US,Oct 11,,"Zeidler Square, Milwaukee. Organized by SJP Marquette, USPCN, JVP, FRSO and more",https://www.instagram.com/p/CyMyuYTpsTM/,,43.0349931,-87.922497
380,MONTREAL,,QUEBEC,Oct 11,5:30 pm,"Concordia Metro. Organized by PYM, Al Raya, SPHR, Montreal 4 Palestine",https://www.instagram.com/p/CyOZrPCg5S2/,,45.5031824,-73.5698065
381,MURCIA,,SPAIN,Oct 11,,"Plaza San Agustin, frente Museo de Salzillo. Organized by Murcia Palestina Libre",https://www.instagram.com/p/CyMpkIDoJf1/,,37.9923795,-1.1305431
382,PORTLAND,,MAINE,Oct 11,6:30 pm,Monument Square. Organized by PSL Maine,https://www.instagram.com/p/CyJ0k5hLYqV/,,43.6589742,-70.2569578
383,SAN DIEGO,CA,US,Oct 11,,"Aztec Student Union, SDSU. Organized by SJP SDSU and SDSU SJP",https://www.instagram.com/p/CyM54HWrbXR/,,32.7174202,-117.1627728
384,TORINO,,ITALY,,5:30 p,,https://www.instagram.com/p/CyLTjqDtlIj/,,45.0677551,7.6824892
385,VIENNA,,AUSTRIA,Oct 11,,"Stephansplatz, Wien. Organized by Palaestina Solidaritaet Austria",https://www.instagram.com/p/CyLzdnTsxogcN9q84LUIvNlZSINkni4WG8qzn00/,,48.2083537,16.3725042
386,ATLANTA,GA,US,Oct 12,,"Unity Plaza, 33 Gilmer St SE, Atlanta. Organized by Dissenters, BAP, PSL, more",https://www.instagram.com/p/CyLqskILi-t,,33.7489924,-84.3902644
387,BINGHAMTON,NY,US,,,"Binghamton University Spine, Outside Library Tower, Binghamton University. Organized by SJP",https://www.instagram.com/p/CyMYv0-J1tF/,,42.098698,-75.9125187
388,BOULDER,CO,US,Oct 12,,"Back of the UMC, CU Boulder. Organized by CU Boulder SJP",https://www.instagram.com/p/CyL0qIIrGwj/,,40.0149856,-105.270545
389,CHARLOTTESVILLE,VA,US,Oct 12,5:30 pm,"Rotunda Steps, UVA. Organized by SJP UVA",https://www.instagram.com/p/CyLqskILi-t/,,38.029306,-78.4766781
390,COLLEGE STATION,TX,US,Oct 12,10:30 am,"Military Walk, Texas A&M University. Organized by PSC TAMU",https://www.instagram.com/p/CyL-8v6pd3Z/,,30.5955289,-96.3071042
391,COLUMBUS,OH,US,Oct 12,,Ohio Statehouse. Organized by SJP OSU,https://www.instagram.com/p/CyMvrknNNkY/,,39.9622601,-83.0007065
392,GENOVA,,ITALY,Oct 12,,Piazza de Ferrari,https://www.instagram.com/p/CyN9JPeoMXt/,,44.40726,8.9338624
393,INDIANAPOLIS,IN,US,Oct 12,5:30 pm,"Monument Circle. Organized by SJP, PSL, JVP, ANSWER",https://www.instagram.com/p/CyJ5-9LJNwe/,,39.7683331,-86.1583502
395,LANSING,MI,US,,,"State Capitol Building. Organized by SUPR, YCL, MSU",https://www.instagram.com/p/CyKSt7KLpPM/,,42.7337712,-84.5553805
396,LAS VEGAS,NV,US,Oct 12,,"Lloyd D George Courthouse, 333 S Las Vegas Blvd. Organized by Free Palestine Alliance",https://www.instagram.com/p/CyL5luZp704/,,36.1672559,-115.148516
397,LOUISVILLE,KY,US,Oct 12,,,https://www.instagram.com/p/CyMNXPnJlBt/,,38.2542376,-85.759407
399,MINNEAPOLIS,MN,US,,4:30 pm,"Raymond ave and Energy Park Drive, St Paul. Organized by Anti War Committee",https://www.instagram.com/p/CyHKEUFJzih/?utm_source=ig_web_copy_link,,44.9772995,-93.2654692
401,OXFORD,,ENGLAND,Oct 12,,"St Michael’s Church, Cornmarket. Organized by PSC",https://www.instagram.com/p/CyLweUkIeUo/,,51.7520131,-1.2578499
402,PARIS,,FRANCE,,,Place de la Republique. Organized by EuroPalestine,https://www.instagram.com/p/CyJ8VFfohcJ/,,48.8534951,2.3483915
403,PHILADELPHIA,PA,US,Oct 12,,"WHYY, 150 North 6th St, Philadelphia. Organized by Philly Palestine Coalition",https://www.instagram.com/p/CyM4FjxO19_/,,39.9527237,-75.1635262
405,SLIGO,,IRELAND,Oct 12,,GPO Sligo,https://www.instagram.com/p/CyOKVyCM1QJ/,,54.19298605,-8.7305426729522
406,STATE COLLEGE,PA,US,Oct 12,,"Allen St Gates, State College PA Organized by student organizations",https://www.instagram.com/p/CyLr2zEL1pY/,,40.7944504,-77.8616386
407,TOULOUSE,,FRANCE,Oct 12,6:30 pm,"Metro Jean Jaures, Toulouse. Organized by the Collectif Palestine Vaincra and a wide coalition",https://www.instagram.com/p/CyMAqH8Lbo1/,,43.6044622,1.4442469
408,TUCSON,AZ,US,Oct 12,12:30 pm,Rally Location TBA. Organized by SJP U Arizona,https://www.instagram.com/p/CyJ5150vau-/,,32.2228765,-110.974847
409,WINDSOR,,ONTARIO (CANADA),Oct 12,,Riverside and Ouelette. Organized by PSG U Windsor and more,https://www.instagram.com/p/CyNbPseO1uX/,,42.3167397,-83.0373389
410,ALBUQUERQUE,NM,US,,,"UNM Bookstore, University of New Mexico. Organized by Southwest Coalition for Palestine",https://www.instagram.com/p/CyM1uO6rsBt/,,35.0841034,-106.650985
411,BERKELEY,CA,US,Oct 13,,"Sproul Hall (Vigil), University of California Berkeley. Organized by Bears for Palestine",https://www.instagram.com/p/CyM6dTVLz-b/,,37.8708393,-122.272863
412,GOTHENBURG,,SWEDEN,Oct 13,5:30 pm,Brunnsparken. Organized by Palestinska samordningsgruppen Gothenburg,https://www.instagram.com/p/CyKzIcCsoaz/,,57.7072326,11.9670171
413,LONDON,,ENGLAND,Oct 13,,"Keir Starmer’s Office, Crowndale Center, 218 Eversholt St, London. Organized by IJAN UK",https://twitter.com/IJAN_Network,,51.5073359,-0.12765
414,MEANJIN,,AUSTRALIA,Oct 13,,,https://www.instagram.com/p/CyNPE21JM4e/,,-27.4689682,153.0234991
415,MIAMI,FL,US,Oct 13,4:30 pm,Bayfront Park. Organized by Troika Kollectiv,https://www.instagram.com/p/CyMI9pzpLLt/,,25.7741728,-80.19362
416,NAPOLI,,ITALY,Oct 13,4:30 pm,"Piazza Garibaldi, Napoli. Organized by GPI and Centro Culturale Handala Ali",https://www.instagram.com/p/CyNYcb4otj3/,,40.8358846,14.2487679
417,NGUNNAWAL,,AUSTRALIA,Oct 13,5:30 pm,Carema Place,https://www.instagram.com/p/CyNPE21JM4e/,,-35.1727896,149.1114681
418,PERTH,,AUSTRALIA,,5:30 pm,"Murray Street Hall, Boorloo/Perth. Organized by Friends of Palestine WA",https://www.instagram.com/p/CyIptStPZw-/,,-31.9558933,115.8605855
419,PORTLAND,OR,US,Oct 13,,"1200-1220 SW 5th Ave, Portland",https://www.instagram.com/p/CyNglq6uFDi/,,45.5202471,-122.674194
420,PORT RICHEY,FL,US,Oct 13,7:30 am,"Route 19 and Ridge Road, Port Richey. Sponsored by: Florida Peace Action Network; Partners for Palestine; CADSI",https://www.answercoalition.org/join_a_protest_near_you_free_palestine,,28.2716755,-82.7195451
421,PRETORIA,,SOUTH AFRICA,,,"UP Main Campus, DSA Building opposite Thuto. Organized by PSC UP",https://www.instagram.com/p/CyLUEfesU-x/,,-25.7459277,28.1879101
423,AACHEN,,GERMANY,Oct 14,,Theaterplatz,https://www.instagram.com/stories/palestinespeaks/3212841455373602161/,,50.776351,6.083862
424,ABERDEEN,,SCOTLAND,,,St. Nichlas Square. Organized by Scottish PSC,https://www.scottishpsc.org.uk/statements/call-to-action-14-october-at-2pm,,57.1482429,-2.0928095
425,ALMERE,,NETHERLANDS,Oct 14,,Memorial Point,https://www.instagram.com/p/CyVRSUbt1z2/,,52.44175125,5.2092943104327585
426,AUCKLAND,,NEW ZEALAND,Oct 14,,"Aotea Square, Queens St, 291-2997 Queen St. Organized by PSN Aotearoa",https://www.instagram.com/p/CyM5ShUphQy/,,-36.5412811,174.5506104914412
427,BARCELONA,,CATALONIA,Oct 14,,Rambla del Raval,https://www.instagram.com/p/CyVVBy6otmS/,,41.3828939,2.1774322
428,BARI,,ITALY,Oct 14,,Piazza Cesare Battisti,https://www.instagram.com/p/CyV0YOAs6kI/,,41.1257843,16.8620293
429,BARI,,ITALY,Oct 14,,,https://www.instagram.com/p/CyV0YOAs6kI/,,41.1257843,16.8620293
430,BERGAMO,,ITALY,Oct 14,3:30 pm,Piazzale Mateotti,https://www.instagram.com/p/CyV0YOAs6kI/,,45.756655699999996,9.754219200862249
431,BERLIN,,GERMANY,Oct 14,,Pariser Plaz am Brandenburger Tor,https://www.instagram.com/p/CyYQpHKsLMG/?utm_source=ig_web_copy_link,,52.5170365,13.3888599
432,BOLZANO,,ITALY,Oct 14,,,https://www.instagram.com/p/CyV0YOAs6kI/,,46.655945450000004,11.23021287087526
433,BRAUNSCHWEIG,,GERMANY,Oct 14,,Schlossplatz 1,https://www.instagram.com/stories/palestinespeaks/3212841455373602161/,,52.2646577,10.5236066
434,BRESCIA,,ITALY,Oct 14,,Piazza Garibaldi ,https://www.instagram.com/p/CyV0YOAs6kI/,,45.77958045,10.4258729694612
435,BURLINGTON,VT,US,Oct 14,,City Hall Park,https://www.instagram.com/p/CyTredVug-4/,,44.4761601,-73.212906
436,CAGLIARI,,SARDINIA,Oct 14,,Piazza Garibaldi,https://www.instagram.com/p/CyV0YOAs6kI/,,39.2171994,9.113311
437,CAMBRIDGE,MA,US,Oct 14,1:30 pm,Harvard University Widener Library,https://www.instagram.com/p/CyW4XiHtAEM/,,42.3655767,-71.1040018
438,CARLOW,,IRELAND,Oct 14,,Liberty Tree,https://www.instagram.com/p/CyVqB9oMOdR/,,52.69078865,-6.825145150844913
439,CATANIA,,ITALY,Oct 14,,Davanti la Prefettura in via Ethea,https://www.instagram.com/p/CyV0YOAs6kI/,,37.5023612,15.0873718
440,CHICAGO,,IL,Oct 14,,Michigan & Ida B Wells,https://www.instagram.com/p/CyUAp4UM-bF/?img_index=1,,41.8755616,-87.6244212
441,CORK,,IRELAND,Oct 14,,Grand Parade,https://www.instagram.com/p/CyVqB9oMOdR/,,51.897077,-8.4654674
442,COSENZA,,ITALY,Oct 14,,Piazza 10 Settembre,https://www.instagram.com/p/CyV0YOAs6kI/,,39.596685300000004,16.333055599019605
443,DENVER,CO,US,Oct 14,,"Colorado Capitol Building. Organized by CO Palestine Coalition, Denver PSL",https://www.instagram.com/p/CyTjcmMrL0O/,,39.7392364,-104.984862
444,DETROIT,MI,US,Oct 14,,"Ford Woods Park, 5700 Greenfield Road. Organized by SAFE, PYM, SJP, Handala Coalition, more",https://www.instagram.com/p/CyKQb2sLb08/,,42.3315509,-83.0466403
445,DRESDEN,,GERMANY,Oct 14,,Prager Strasse,https://www.instagram.com/stories/palestinespeaks/3212841455373602161/,,51.0493286,13.7381437
446,DUBLIN,,IRELAND,Oct 14,,The Spire. Organized by Ireland PSC,https://www.instagram.com/p/CyWodkjstOg/,,53.3493795,-6.2605593
447,DUISBURG,,GERMANY,Oct 14,,Platz vor der Pauluskirche,https://www.instagram.com/stories/palestinespeaks/3212841455373602161/,,51.434999,6.759562
448,DUNDEE,,SCOTLAND,,,Place TBA. Organized by Scottish PSC,https://www.scottishpsc.org.uk/statements/call-to-action-14-october-at-2pm,,56.4605938,-2.97019
449,DUSSELDORF,,GERMANY,Oct 14,,Hauptbahnhof,https://www.instagram.com/stories/palestinespeaks/3212841455373602161/,,51.2254018,6.7763137
450,EDINBURGH,,SCOTLAND,Oct 14,,Princes Street at Foot of the Mound. Organized by Scottish PSC,https://www.scottishpsc.org.uk/statements/call-to-action-14-october-at-2pm,,55.9533456,-3.1883749
451,EINDHOVEN,,NETHERLANDS,Oct 14,,Septemberplein 18,https://www.instagram.com/p/CyUG4VsIL66/,,51.4392648,5.478633
452,ENNIS,,IRELAND,Oct 14,,The Height,https://www.instagram.com/p/CyVqB9oMOdR/,,52.8435152,-8.983747
453,FIRENZE,,ITALY,Oct 14,,Piazza Santa Maria Novella,https://www.instagram.com/p/CyV0YOAs6kI/,,43.7698712,11.2555757
454,FRANKFURT,,GERMANY,Oct 14,,,https://www.instagram.com/p/CyLy1_Eo7XL/,,50.1106444,8.6820917
455,GOTTINGEN,,GERMANY,Oct 14,,Ganseliesel,https://www.instagram.com/stories/palestinespeaks/3212841455373602161/,,51.5328328,9.9351811
456,GALWAY,,IRELAND,Oct 14,2:30 pm,Eyre Square,https://www.instagram.com/p/CyVqB9oMOdR/,,53.2744122,-9.0490601
457,GENEVA,,SWITZERLAND,Oct 14,,Place Neuve,https://www.instagram.com/p/CyVj8_Yoe9B/,,46.2017559,6.1466014
458,GLASGOW,,SCOTLAND,Oct 14,,Buchanan Steps.  Organized by Scottish PSC,https://www.scottishpsc.org.uk/statements/call-to-action-14-october-at-2pm,,55.861155,-4.2501687
459,HOUSTON,TX,US,Oct 14,,"City Hall, 901 Bagby St. Organizd by PYM, PAC, USPCN, SJP and more",https://www.instagram.com/p/CyJ6vErAMnY/,,29.7589382,-95.3676974
460,JACKSONVILLE,FL,US,Oct 14,,Brightman Blvd & Town Center,https://www.instagram.com/p/CyV_vO1rb9f/,,30.3321838,-81.655651
461,KANSAS CITY,MO,US,Oct 14,,Plaza Memorial Fountain,https://www.instagram.com/p/CyO6umngoml/?img_index=1,,39.100105,-94.5781416
462,LIMERICK,,IRELAND,Oct 14,,Bedford Row,https://www.instagram.com/p/CyVqB9oMOdR/,,52.66833065,-8.66451062242474
463,LIVERPOOL,,ENGLAND,Oc 14,,Church St. Organized by FRFI,https://www.instagram.com/p/CyNdCIxMKPk/,,53.4071991,-2.99168
464,LONDON,,ENGLAND,Oct 14,,"BBC Portland Place, London. Organized by a broad coalition",https://us18.campaign-archive.com/?e=0791c4be70&u=98a0d796e4a5ec9447ba70fe9&id=438d80abde,,51.5073359,-0.12765
465,LOUISVILLE,KY,US,Oct 14,,Big Four Bridge,https://www.instagram.com/p/CyT4qCbuhCZ/,,38.2542376,-85.759407
466,MANCHESTER,,ENGLAND,Oct 14,,"Platt Fields Park, Manchester. Organized by YFFP, Manchester Palestine Action, PSC",https://www.instagram.com/p/CyOEQu-oQZ1/,,53.4794892,-2.2451148
467,MESSINA,,ITALY,Oct 14,5:30 pm,Piazza Municipio,https://www.instagram.com/p/CyV0YOAs6kI/,,38.1937571,15.5542082
468,MILANO,,ITALY,Oct 14,3:30 pm,"Piazza San Babila. Organized by Young Palestinians of Italy, UDAP, Palestinian Community, Association of Palestinians",https://www.instagram.com/p/CyLJrQNMjhH/,,45.4641943,9.1896346
469,MURCIA,,SPAIN,Oct 14,,Plaza San Agustin,https://www.instagram.com/p/CySw2EUoqnq/,,37.9923795,-1.1305431
470,OMAHA,NE,US,Oct 14,,"72nd and Dodge, Omaha",https://www.instagram.com/p/CyW8U5Htfhi/,,41.2587459,-95.9383758
471,ORLANDO,FL,US,Oct 14,,"Lake Eola at Robinson and Eola, Orland. Organized by Florida Palestine Network",https://www.instagram.com/p/CyMA66lJJW0/,,28.5421109,-81.3790304
472,OSLO,,NORWAY,Oct 14,,7 Juni Plassen,https://www.instagram.com/p/CySnGBhquXU/,,59.9133301,10.7389701
473,PARIS,,FRANCE,Oct 14,,Place de la Republique,https://www.instagram.com/p/CyYHbDKNG9P/,,48.8534951,2.3483915
474,PARMA,,ITALY,Oct 14,,Piazzale della Pace,https://www.instagram.com/p/CyV0YOAs6kI/,,44.8013678,10.3280833
475,PISA,,ITALY,Oct 14,10:30 am,,https://www.instagram.com/p/CyV0YOAs6kI/,,43.7159395,10.4018624
476,PORTO,,PORTUGAL,Oct 14,,"Cadeia da Relacao, Porto",https://www.instagram.com/p/CyTPzztMcMk/,,41.1494512,-8.6107884
477,REGGIO EMILIA,,ITALY,Oc 14,,Piazza della Vittoria,https://www.instagram.com/p/CyV0YOAs6kI/,,44.6086674,10.594066675914796
478,SAINT JOHN,,NEW BRUNSWICK (CANADA),Oct 14,,King’s Square to City Hall,https://www.instagram.com/p/CyWonyjJoaK/,,45.278752,-66.058044
479,SALERNO,,ITALY,Oct 14,5:30 pm,Piazza Viorio Veneto (Stazione),https://www.instagram.com/p/CyV0YOAs6kI/,,40.419441649999996,15.310756230322482
480,SANTIAGO,,CHILE,Oct 14,11:30 am,Plaza de la Constitucion,https://www.instagram.com/p/CyULOrZJX1w/,,-33.4377756,-70.6504502
481,SEATTLE,WA,US,Oct 14,,"Westlake Park, Seattle",https://www.instagram.com/p/CyWRsRVxOqL/,,47.6038321,-122.330062
482,SHEFFIELD,,ENGLAND,Oct 14,,,https://www.instagram.com/p/CySxn9AISs5/,,53.3806626,-1.4702278
483,TERNEUZEN,,NETHERLANDS,Oct 14,,Stadhuis Terneuzen,https://www.instagram.com/p/CyVRSUbt1z2/,,51.29884295,3.8422043956030683
484,TORINO,,ITALY,,,Piazza Crispi. Organized by Progetto Palestina,https://www.instagram.com/p/CyLTjqDtlIj/,,45.0677551,7.6824892
485,VALPARAISO,,CHILE,Oct 14,,"Plaza Victoria, Valparaiso. Organized by Comite Chileno de Solidaridad con Palestina",https://www.instagram.com/p/CyJrpVLugw8/,,-32.5976089,-70.8529753
486,VICENZA,,ITALY,Oct 14,3:30 pm,Piazzale de Gasperi/Porta Castello,https://www.instagram.com/p/CyV0YOAs6kI/,,45.63485905,11.40635425660249
487,VIENNA,,AUSTRIA,Oct 14,,"Columbusplatz, Wien",https://www.instagram.com/p/CyTBa4DokU0/,,48.2083537,16.3725042
488,VICTORIA,,BC (CANADA),Oct 14,,"Legislative Assembly of BC, 501 Belleville St",https://www.instagram.com/p/CyUPJHvAgrP/,,48.4283182,-123.3649533
489,WASHINGTON,,US,Oct 14,,Lafayette Square. Organized by AMP,https://www.instagram.com/p/CyMoze1OFO1/,,38.8950368,-77.0365427
490,AMSTERDAM,,NETHERLANDS,Oct 15,,March from Dam Square to Jonas Daniel Meijer plein,https://www.instagram.com/p/CyMKQFOIqNm/,,52.3730796,4.8924534
491,AUSTIN,TX,US,Oct 15,,Texas Capitol. Organized by PSC ATX,https://www.instagram.com/p/CyLrzywOXU3/,,30.2711286,-97.7436995
492,BELFAST,,IRELAND,Oct 15,,Writers’ Square,https://www.instagram.com/p/CyVqB9oMOdR/,,54.596391,-5.9301829
493,BRONX,NY,US,Oct 15,,Fordham Rd Recruiting Station. Organized by BX Antiwar,https://www.instagram.com/p/CyXD5hQtlSD/,,40.8466508,-73.8785937
494,BRUSSELS,,BELGIUM,Oct 15,,"Place de Bethleem, Brussels",https://www.instagram.com/p/CyUErKvtute/,,50.8550018,4.3512333761166175
495,EDMONTON,,ALBERTA (CANADA),Oct 15,,97 Street and 167 Ave,https://www.instagram.com/p/CyXOSHDLlRb/,,53.5462055,-113.491241
496,FOLLONICA,,ITALY,Oct 15,4:30 pm,Piazza Sivieri,https://www.instagram.com/p/CyV0YOAs6kI/,,42.926326,10.761625
497,FORT WAYNE,,IN,Oct 15,,Allen County Courthouse,https://www.instagram.com/p/CyYQMExrpMH/,,41.0799898,-85.1386015
498,GADIGAL,,AUSTRALIA,Oct 15,,Hyde Park,https://www.instagram.com/p/CyRl2gqyUk_/,,-33.8698439,151.2082848
499,GRANADA,,SPAIN,Oct 15,,"Plaza Nueva, Grenada",https://www.instagram.com/p/CyY0drVIIXr/,,37.1734995,-3.5995337
500,INDIANAPOLIS,IN,US,Oct 15,5:30 pm,"Monument Circle. Organized by SJP, JVP, PSL",https://www.instagram.com/p/CyXXthDsr7u/,,39.7683331,-86.1583502
501,KILLARNEY,,IRELAND,Oct 15,,Market Cross,https://www.instagram.com/p/CyVqB9oMOdR/,,52.0595746,-9.505322
502,LANCASTER,PA,US,Oct 15,,Penn Square,https://www.instagram.com/p/CyYQMExrpMH/,,40.08067,-76.2411283
503,LONDON,,ONTARIO (CANADA),Oct 15,,Wonderland Road N between Beaverbrook and Oxford,https://www.instagram.com/p/CyYNhwFOJ6L/?utm_source=ig_web_copy_link,,42.9832406,-81.243372
504,MADRID,,SPAIN,Oct 15,,Atocha and Cenicero to Jacinto Benavente to Plaza del Sol,https://www.instagram.com/p/CyTIK29Iaie/,,40.4167047,-3.7035825
505,MANCHESTER,,ENGLAND,,,,https://www.instagram.com/p/CyY-w9_otCS/,,53.4794892,-2.2451148
506,MARTINSBURG,,WV,Oct 15,,Martinsburg Town Square,https://www.instagram.com/p/CyYQMExrpMH/,,39.4562528,-77.9639604
507,MESSINA,,ITALY,Oct 15,10:30 am,Piazza del Popolo,https://www.instagram.com/p/CyV0YOAs6kI/,,38.1937571,15.5542082
508,MINNEAPOLIS,MN,US,Oct 15,,"Bryant Square Park, 3101 Bryant Ave S. Organized by AWC, AMP, SJP",https://www.instagram.com/p/CyWXbtbL6hb/,,44.9772995,-93.2654692
509,MULLINGAR,,IRELAND,Oct 15,1:30 pm,Joe Dolan Statue,https://www.instagram.com/p/CyVqB9oMOdR/,,53.525822,-7.341304
510,NAARM,,AUSTRALIA,Oct 15,,,https://www.instagram.com/p/CyNPE21JM4e/,,-37.8142454,144.9631732
511,OLDHAM,,ENGLAND,Oct 15,,Oldham Town Square,https://www.instagram.com/p/CyTtTZ-obmu/,,53.5415797,-2.1147831
512,OTTAWA,,CANADA,Oct 15,,"Parliament Hill, Ottawa",https://www.instagram.com/p/CyY21pTgDJX/,,45.4208777,-75.6901106
513,PEORIA,,IL,Oct 15,,Main and University,https://www.instagram.com/p/CyYQMExrpMH/,,40.6938609,-89.5891008
514,PHILADELPHIA,,PA (USA),Oct 15,,Rittenhouse Square Park,https://www.instagram.com/p/CyYz3z9uCex/,,39.9527237,-75.1635262
515,RALEIGH,,NC (USA),Oct 15,,"Moore Square, 201 S Blout St. Organized by VJP, PSL, Samidoun and more",https://www.instagram.com/p/CyXNT5qMsYI/,,35.7803977,-78.6390989
516,SAN ANTONIO,,TX (USA),Oct 15,,115 Main Plaza,https://www.instagram.com/p/CyYQMExrpMH/,,29.4246002,-98.4951405
517,SAN DIEGO,,CA (USA),Oct 15,,"San Diego County Administration Building. Organized by PYM, AMP, PAL, others",https://www.instagram.com/p/CyUOkimgMFo/,,32.7174202,-117.1627728
520,TOLEDO,OH,US,Oct 15,,"Secor and Central, Toledo",https://www.instagram.com/p/CyYwa8TLtT5/,,41.6529143,-83.5378173
521,TURLOCK,CA,US,Oct 15,,3100 Countryside Drive,https://www.instagram.com/p/CyRAxLVpCT5/,,37.4946568,-120.8465941
522,VERONA,,ITALY,Oct 15,3:30 pm,Piazza Cittadella,https://www.instagram.com/p/CyV0YOAs6kI/,,45.4384958,10.9924122
523,A CORUNA,,GALIZA,Oct 16,,Obelisco,https://www.instagram.com/p/CyYDx_moj_g/,,43.3709703,-8.3959425
524,A ESTRADA,,GALIZA,Oct 16,,,https://www.instagram.com/p/CyYDx_moj_g/,,42.6972533,-8.4403579
525,A GUARDA,,GALIZA,Oct 16,,Praza Avelino Vicente,https://www.instagram.com/p/CyYDx_moj_g/,,41.9012451,-8.8742166
526,BURELA,,GALIZA,Oct 16,,Praza do Concello,https://www.instagram.com/p/CyYDx_moj_g/,,43.6587115,-7.3664936
527,COMPOSTELA,,GALIZA,Oct 16,,Praza do Toural,https://www.instagram.com/p/CyYDx_moj_g/,,42.8804219,-8.5458608
528,FERROL,,GALIZA,Oct 16,,,https://www.instagram.com/p/CyYDx_moj_g/,,43.4846862,-8.233162
529,LUGO,,GALIZA,Oct 16,,,https://www.instagram.com/p/CyYDx_moj_g/,,43.0462247,-7.4739921
530,LALIN,,GALIZA,Oct 16,,Praza do Igrexa,https://www.instagram.com/p/CyYDx_moj_g/,,42.6513299,-8.154379
531,MONFORTE,,GALIZA,Oct 16,,Praza de Espana,https://www.instagram.com/p/CyYDx_moj_g/,,43.3637084,-8.4180234
532,OURENSE,,GALIZA,Oct 16,,Rua Paseo (Subdelegacion de Defensa),https://www.instagram.com/p/CyYDx_moj_g/,,42.1968459,-7.6114105
533,PONTEAREAS,,GALIZA,Oct 16,,Diante do Concello,https://www.instagram.com/p/CyYDx_moj_g/,,42.1740961,-8.5050963
534,PONTEDEUME,,GALIZA,Oct 16,,,https://www.instagram.com/p/CyYDx_moj_g/,,43.4072585,-8.1718823
535,PONTEVEDRA,,GALIZA,Oct 16,,Praza da Peregrina,https://www.instagram.com/p/CyYDx_moj_g/,,42.6075172,-8.4714942
536,RIBEIRA,,GALIZA,Oct 16,,,https://www.instagram.com/p/CyYDx_moj_g/,,42.5805628,-9.013685
537,VIGO,,GALIZA,Oct 16,,Farola de Urzaiz,https://www.instagram.com/p/CyYDx_moj_g/,,42.1964491,-8.7117809
538,WAYNE,NJ,US,Oct 16,5:30 pm,"Zanfino Plaza, Wayne State University",https://www.instagram.com/p/CyYpFypLqOy/,,40.9491723,-74.2376802
539,COLUMBIA,,SC (USA),Oct 17,5:30 pm,"State House, Columbia. Organized by PSL and USC SJP",https://www.instagram.com/p/CyWjM7_R_gy/,,34.0007493,-81.0343313
540,LAS VEGAS,,NEVADA (USA),Oct 17,,"Lloyd D George Courthouse, 333 S Las Vegas Blvd",https://www.instagram.com/p/CyYn3BZLdiF/,,36.1672559,-115.148516
541,VALENCIA,,SPAIN,Oct 17,,Pl. Ajuntament,https://www.instagram.com/p/CyW0kzXqEnW/,,39.4697065,-0.3763353
542,WINDSOR,,ONTARIO (CANADA),Oct 17,,"Riverside and Ouelette, Windsor, ON",https://www.instagram.com/p/CyYyeIWLNtg/,,42.3167397,-83.0373389
543,US,,,,,,https://www.instagram.com/p/CygvQRNPtSt/,,56.6519459,-132.66654407961434
544,ALBUQUERQUE,NM,US,Oct 18,,UNM Bookstore,https://www.instagram.com/p/CyheWpyryrv/,,35.0841034,-106.650985
545,ATHENS,,GREECE,Oct 18,,Syntagma Square,https://www.instagram.com/p/CygtXTFIW6w/,,37.9755648,23.7348324
546,AUSTIN,,TEXAS,Oct 18,6:30 pm,"UT Tower Plaza, UT-Austin",https://www.instagram.com/p/CyhlhlWtxVU/,,30.2711286,-97.7436995
547,BARCELONA,,CATALONIA,Oct 18,,Pg. Gracia,https://www.instagram.com/p/CyiVACCISy1/,,41.3828939,2.1774322
548,BELFAST,,IRELAND,Oct 18,5:30 pm,"NIO Office, Erskine House, Chichester St ",https://www.instagram.com/p/Cyg7RZlsWLY/,,54.596391,-5.9301829
549,BOSTON,MA,US,Oct 18,,City Hall Plaza,https://www.instagram.com/p/Cyef1bSMaq9/,,42.3554334,-71.060511
550,BRESCIA,,ITALY,Oct 18,,Largo Formentone,https://www.instagram.com/p/CyidiwTsR_X/,,45.77958045,10.4258729694612
551,BRONXVILLE,NY,US,Oct 18,,"Remy Theater, Sarah Lawrence College",https://www.instagram.com/p/CygwQ24poZG/,,40.9381544,-73.8320784
552,BURLINGTON,VT,US,Oct 18,,Top of Church St,https://www.instagram.com/p/Cyims9HuR75/,,44.4761601,-73.212906
553,CAMBRIDGE,,ENGLAND,Oct 18,5:45 pm,"King’s Parade, to Parker’s Piece Vigil",https://www.instagram.com/p/CyiTdF2IbJK/,,52.2055314,0.1186637
554,CAMBRIDGE,MA,US,Oct 18,,"Mass Hall, Old Yard, Harvard U",https://www.instagram.com/p/Cyg121eJaj8/,,42.3655767,-71.1040018
555,CELBRIDGE,,IRELAND,Oct 18,6:30 pm,Castletown Gates,https://www.instagram.com/p/Cyg20lJsEQ8/,,53.3383004,-6.5396223
556,CHICAGO,,US,Oct 18,4:30 pm,"Federal Plaza, West Adams and Dearborn",https://www.instagram.com/p/Cygwm0Yvjhf/,,41.8755616,-87.6244212
557,DEN HAAG,,NETHERLANDS,Oct 18,,Oude Walsdoorperweg 10,https://www.instagram.com/p/CyiESLXI_Lv/,,52.07494555,4.2696802205364515
558,DETROIT,MI,US,Oct 18,6:30 pm,"Patrick V McNamara Fed Building, 477 Michigan Ave",https://www.instagram.com/p/Cyhv8-8Om8h/,,42.3315509,-83.0466403
559,DUBLIN,,IRELAND,Oct 18,,Leinster House,https://www.instagram.com/p/Cyg20lJsEQ8/,,53.3493795,-6.2605593
560,EDINBURGH,,SCOTLAND,Oct 18,,Scottish Parliament,https://www.instagram.com/p/CyhIIZ2IzV2/,,55.9533456,-3.1883749
561,EDMONTON,,AB (CANADA),Oct 18,,Alberta Legislature,https://www.instagram.com/p/CyhMPBlPRMa/,,53.5462055,-113.491241
562,FRANKFURT,,GERMANY,Oct 18,,Hauptwache Frankfurt,https://www.instagram.com/p/CyhEDz7MJjs/,,50.1106444,8.6820917
563,GENOVA,,ITALY,Oct 18,,Piazza de Ferrari,https://www.instagram.com/p/CyiWJ06MXpM/,,44.40726,8.9338624
564,GOTHENBURG,,SWEDEN,Oct 18,4:30 pm,Brunnsparken,https://www.instagram.com/p/CygzSqNMXmp/,,57.7072326,11.9670171
565,HOUSTON,TX,US,Oct 18,,"Israeli Consulate, 24 Greenway Plz",https://www.instagram.com/p/CygulTsucaF/,,29.7589382,-95.3676974
566,JOHANNESBURG,,SOUTH AFRICA,Oct 18,5:30 pm,"Bolton and Jan Smuts Ave, Rosebank",https://www.instagram.com/p/CyiWwQtKa5Z/,,-26.205,28.049722
567,KILKENNY,,IRELAND,Oct 18,5:30 pm,Town Hall,https://www.instagram.com/p/Cyg20lJsEQ8/,,52.5687098,-7.188983092181514
568,KINGSTON,,ONTARIO (CANADA),Oct 18,,Market Square to MP Office,https://www.instagram.com/p/CygqIeCxFCH/,,44.230687,-76.481323
569,KITCHENER-WATERLOO,,ON (CANADA),Oct 18,,Fairview Mall Parking,https://www.instagram.com/p/CyhNue7p9am/,,43.4528527,-80.5036847
570,LAMEZIA,,ITALY,Oct 18,4:30 pm,Corso Nicotera,https://www.instagram.com/p/CyiWJ06MXpM/,,38.9645069,16.3021451
571,LEIPZIG,,GERMANY,Oct 18,,Augustusplatz,https://www.instagram.com/p/CyecgAoscfi/?img_index=4,,51.3406321,12.3747329
572,LISBON,,PORTUGAL,Oct 18,,Martim Moniz,https://www.instagram.com/p/CydccKRMWmW/?img_index=2,,38.7077507,-9.1365919
574,MADRID,,SPAIN,Oct 18,,"Israeli embassy, C/Velazquez 150",https://www.instagram.com/p/CyiSvMTq0iy/,,40.4167047,-3.7035825
575,MANCHESTER,,ENGLAND,Oct 18,,Oldham – King Street Roundabout,https://www.instagram.com/p/Cygu-lUKofJ/,,53.4794892,-2.2451148
576,MANCHESTER,,ENGLAND,Oct 18,,Brooks Bar Junction,https://www.instagram.com/p/CyhA7q3qpWi/,,53.4794892,-2.2451148
577,MONTREAL,,QUEBEC,Oct 18,,UQAM,https://www.instagram.com/p/Cyg5paKvXDq/,,45.5031824,-73.5698065
578,MURCIA,,SPAIN,Oct 18,,Entrada de Malecon,https://www.instagram.com/p/CyifsOJoqo8/,,37.9923795,-1.1305431
579,NEWARK,NJ,US,Oct 18,2:30 pm,"Dr Martin Luther King Jr Blvd, betweem NJIT and Rutgers",https://www.instagram.com/p/Cyha00trswT/,,40.735657,-74.1723667
580,NEW YORK,NY,US,Oct 18,,CUNY Graduate Center,https://www.instagram.com/p/CybXURtuG-Y/,,40.7127281,-74.0060152
581,OMAHA,NE,US,Oct 18,,72nd and Dodge,https://www.facebook.com/events/1376777729857981/,,41.2587459,-95.9383758
582,OSLO,,NORWAY,Oct 18,,Palestinaplassen,https://www.instagram.com/p/CyiQCE9KxfR/,,59.9133301,10.7389701
583,OXFORD,,ENGLAND,Oct 18,,Clarendon Bldg Broad St,https://www.instagram.com/p/Cyg7ygsInn1/,,51.7520131,-1.2578499
584,OXFORD,OH,US,Oct 18,,"Miami U Armstrong Student Center, 550 E Spring St",https://www.instagram.com/p/CydfT4PrvZL,,39.5103048,-84.7420519
585,PARIS,,FRANCE,Oct 18,,Place de la Republique,https://www.instagram.com/p/CyirfF_LIF7/,,48.8534951,2.3483915
586,PERTH,,AUSTRALIA,Oct 18,5:30 pm,US consulate Perth,https://www.instagram.com/p/Cyh1xy1BMrU/,,-31.9558933,115.8605855
587,PHILADELPHIA,,PA (USA),Oct 18,,"Van Pelt Library, UPenn/Drexel",https://www.instagram.com/p/CyihTJyO0cJ/?img_index=1,,39.9527237,-75.1635262
588,PORTADOWN,,IRELAND,Oct 18,6:30 pm,Garvaghy Road,https://www.instagram.com/p/Cyg20lJsEQ8/,,54.4242284,-6.4412133
589,PORTSMOUTH,MA,US,Oct 18,,Market Square,https://www.answercoalition.org/join_a_protest_near_you_free_palestine,,50.800031,-1.0906023
590,QUEENS,,NEW YORK,Oct 18,,"Astoria, Steinway & Astoria",https://www.instagram.com/p/CyeLtTsvlnm/,,40.7135078,-73.8283132
591,SAINT JOHN,,NB (CANADA),Oct 18,,Saint John City Hall,https://www.instagram.com/p/CyhZjBUrnBw/,,45.278752,-66.058044
592,SAN DIEGO,,CA (USA),Oct 18,,"Spreckles Organ Pavilion, 2125 Pan American E Road",https://www.instagram.com/p/CyhITbMPhTb/,,32.7174202,-117.1627728
593,SAN FRANCISCO,,CA (USA),Oct 18,,San Francisco City Hall Steps,https://www.instagram.com/p/CyhzjfYL7CH/?img_index=3,,37.7790262,-122.419906
594,SHEFFIELD,,ENGLAND,Oct 18,4:30 pm,Town Hall,https://www.instagram.com/p/CyhLO_douVT/,,53.3806626,-1.4702278
595,ST PAUL,MN,US,Oct 18,5:30 pm,"State Capitol, 75 Rev Dr Martin Luther King Jr Blvd",https://www.instagram.com/p/CycLLY2sumD/?igshid=MzRlODBiNWFlZA%3D%3D,,44.9497487,-93.0931028
596,URBANA-CHAMPAIGN,IL,US,Oct 18,,"Illini Union – Quad, UIUC",https://www.instagram.com/p/CyitW69uXgX/?hl=en,,40.1117174,-88.207301
598,WATERFORD,,IRELAND,Oct 18,5:30 pm,Carpark opposite Tracy’s Hotel,https://www.instagram.com/p/Cyg20lJsEQ8/,,52.2609997,-7.1119081
599,ADELAIDE,,AUSTRALIA,Oct 19,,"Royal Adelaide Hospital, North Terrace Entrance (Health Workers Vigil",https://apan.org.au/wp-content/plugins/civicrm/civicrm/extern/url.php?u=23515&qid=3537717,,-34.9281805,138.5999312
600,ANN ARBOR,MI,US,Oct 19,,Angel Hall Front Steps,https://www.instagram.com/p/Cygn9ZTvaxt/,,42.2681569,-83.7312291
601,ATLANTA,GA,US,Oct 19,12:45 pm,29 Peachtree Center SE,https://www.instagram.com/p/Cyh2R-1OG1y/,,33.7489924,-84.3902644
602,BASEL,,SWITZERLAND,Oct 19,,Claraplatz,https://www.instagram.com/p/CyinofFKdsT/?hl=en&e=1e838def-00f2-4784-b6b4-2468b1eea945&g=5,,47.5581077,7.5878261
603,BOULDER,CO,US,Oct 19,,UMC Fountain Court,https://www.instagram.com/p/Cyivi2Yr5lX/,,40.0149856,-105.270545
604,BRUSSELS,,BELGIUM,Oct 19,,Bourse,https://www.instagram.com/p/Cyi63fbMGTu/?img_index=1,,50.8550018,4.3512333761166175
605,BUFFALO,NY,US,Oct 19,,100 Coventry Road (CFA and Alumni),https://www.instagram.com/p/Cyge2joLCN8/,,42.8867166,-78.8783922
606,CALI,,COLOMBIA,Oct 19,,Escaleras de la Biblioteca departamental,https://www.instagram.com/p/CyjSS1EJH1O/,,3.4520339,-76.5329352
607,CAMBRIDGE,MA,US,Oct 19,,"Mass Hall, Harvard University",https://www.instagram.com/p/CyjaIFoJjXc/?img_index=1,,42.3655767,-71.1040018
608,CANBERRA,,AUSTRALIA,Oct 19,,Parliament House,https://www.instagram.com/p/Cyh1xy1BMrU/,,-35.2975906,149.1012676
609,CHICAGO,IL,US,Oct 19,4:30 pm,"Quad, University of Illinois Chicago",https://www.instagram.com/p/CyjYRufOciB/,,41.8755616,-87.6244212
610,DALLAS,TX,US,Oct 19,,Dallas Morning News Bldg. 1945 Commerce St,https://www.instagram.com/p/CyhHEAIANNK/,,32.7762719,-96.7968559
611,DAVIS,CA,US,Oct 19,,"Memorial Union South Patio, UC Davis",https://www.instagram.com/p/CyjSKG8Pkz7/,,38.5435526,-121.739005
612,DENVER,CO,US,Oct 19,3:30 p,"Diana DeGette’s Denver Office, 600 Grant St",https://www.instagram.com/p/CyhscaXraNq/,,39.7392364,-104.984862
613,DURHAM,NC,US,Oct 19,5:30 pm,"BC Plaza, Duke University",https://www.instagram.com/p/CyjFYNdpLOr/,,35.996653,-78.9018053
614,EDINBURGH,,SCOTLAND,Oct 19,,Bristo Square,https://www.instagram.com/p/CyhIIZ2IzV2/,,55.9533456,-3.1883749
615,FLINT,,MI (USA),Oct 19,,Riverfront Plaza,https://www.instagram.com/p/Cyg3u7ZpnA7/?img_index=1,,43.0161693,-83.6900211
618,GRONINGEN,,NETHERLANDS,Oct 19,,Vismarkt,https://www.instagram.com/p/CyjE0mXIYMj/?img_index=1,,53.2190652,6.5680077
619,HANOVER,NH,US,Oct 19,,"Collis Lawn, Dartmouth College",https://www.instagram.com/p/Cyi5ANGAudS/,,43.703622,-72.288666
620,KITCHENER-WATERLOO,,ONTARIO (CANADA),Oct 19,,"CBC Building, 117 King St W",https://www.instagram.com/p/Cyg0tT8vyuj/,,43.4528527,-80.5036847
621,LAS VEGAS,NV,US,Oct 19,,"UNLV TAM Alumni Center Grand Hall, 450 S Maryland Pkwy",https://www.instagram.com/p/Cyj8IP5rUr0/,,36.1672559,-115.148516
622,LAUSANNE,,SWITZERLAND,Oct 19,,Place de la Riponne,https://www.instagram.com/p/Cyft1f2oPXo/,,46.5218269,6.6327025
623,LOUISVILLE,KY,US,Oct 19,,"Humanities Quad, University of Louisville",https://www.instagram.com/p/CyjSIBapwOq/,,38.2542376,-85.759407
624,MACAPA,,BRAZIL,Oct 19,,Praca Veiga Cabral,https://www.instagram.com/p/CyjH96Ex_VA/?img_index=1,,0.0401529,-51.0569588
625,MANAUS,,BRAZIL,Oct 19,4:30 pm,Praca da Matriz,https://www.instagram.com/p/CyjH96Ex_VA/?img_index=1,,-3.1316333,-59.9825041
626,MANAUS,,BRAZIL,Oct 19,,"Largo de Sao Sebastiao, Teatro Amazonas",https://www.instagram.com/p/Cyj0jQMN7xI/?img_index=1,,-3.1316333,-59.9825041
627,NAPOLI,,ITALY,Oct 19,,Cortile di Palazzo Giusso,https://www.instagram.com/p/CyiNlnwr63p/,,40.8358846,14.2487679
628,NEW YORK,,NY,Oct 19,4:30 pm,"CUNY School of Law, Rafferty Triangle, Long Island City",https://www.instagram.com/p/Cyhb90GtpxU/,,40.7127281,-74.0060152
629,NORTHAMPTON,MA,US,Oct 19,12:15 pm,"Smith Campus Center, March Downtown",https://www.instagram.com/p/Cyd-FQ1PwFr/,,42.3178989,-72.6311006
630,NOTTINGHAM,,ENGLAND,Oct 19,,Old Market Square,https://www.instagram.com/p/Cyi3ETHtRZg/?img_index=3,,52.9534193,-1.1496461
631,OXFORD,,ENGLAND,Oct 19,5:30 pm,Carfax Tower,https://www.instagram.com/p/CykrCO_I05s/?utm_source=ig_web_copy_link,,51.7520131,-1.2578499
632,PARIS,,FRANCE,Oct 19,,Place de la Republique,https://europalestine.com/2023/10/16/tous-place-de-la-republique-a-paris-ce-jeudi-19-octobre-a-18-h/,,48.8534951,2.3483915
633,PATERSON,NJ,US,Oct 19,,200 Federal Plaza,https://www.instagram.com/p/CyjfCmjgptC/,,40.9167654,-74.171811
634,PHILADELPHIA,,PA (USA),Oct 19,9:30 am,City Hall,https://www.instagram.com/p/CyihTJyO0cJ/?img_index=1,,39.9527237,-75.1635262
635,PITTSBURGH,PA,US,Oct 19,,Bigelow Blv and Forbes Ave,https://www.instagram.com/p/Cyhm04DMwDJ/,,40.4416941,-79.9900861
636,PITTSFIELD,MA,US,Oct 19,4:30 pm,"Merrill Rd and Plastics Ave, in front of General Dynamics",https://www.instagram.com/p/CyhWoLCNItu/,,42.451302,-73.260018
637,PORTLAND,OR,US,Oct 19,3:30 pm,PSU Urban Plaza,https://www.instagram.com/p/CyhhlXzr1mc/,,45.5202471,-122.674194
638,RECIFE,,BRAZIL,Oct 19,,Parque 13 de Maio,https://www.instagram.com/p/CyjH96Ex_VA/?img_index=1,,-8.0584933,-34.8848193
639,RIO DE JANEIRO,,BRAZIL,Oct 19,,Cinelandia,https://www.instagram.com/p/Cyj0jQMN7xI/?img_index=2,,-22.9110137,-43.2093727
640,SAN FRANCISCO,CA,US,Oct 19,,"Ethnic Studies and Psychology Courtyard, SFSU",https://www.instagram.com/p/Cygxk20yJhK/,,37.7790262,-122.419906
641,SAN FRANCISCO,CA,US,Oct 19,,"SF Federal Bldg, 90 7th St",https://www.instagram.com/p/Cyjoojjv8EF/,,37.7790262,-122.419906
642,SANTIAGO,,CHILE,Oct 19,,"Israeli embassy, Alonso de Cordova 5320",https://www.instagram.com/p/CyjEWaou1yY/,,-33.4377756,-70.6504502
643,SAO LUIS,,BRAZIL,Oct 19,,Terminal Praia Grande,https://www.instagram.com/p/CyjH96Ex_VA/?img_index=1,,-2.5295265,-44.2963942
644,SAO PAULO,,BRAZIL,Oct 19,,Largo Sao Francisco,https://www.instagram.com/p/CyjH96Ex_VA/?img_index=1,,-23.5506507,-46.6333824
645,SEATTLE,WA,US,Oct 19,6:30 pm,"Location tba and by registration,",https://www.instagram.com/p/Cyi16vMOTwB/,,47.6038321,-122.330062
646,SPRINGFIELD,MA,US,Oct 19,5:30 pm,City Hall,https://www.instagram.com/p/CygIxcnuexZ/,,42.1018764,-72.5886727
647,THURLES,,IRELAND,Oct 19,,Liberty Square,https://www.instagram.com/p/CyVqB9oMOdR/,,52.6801547,-7.8151008
648,UTRECHT,,NETHERLANDS,Oct 19,7:30 pm,Domplein,https://www.instagram.com/p/CyhKoH1oEtf/?img_index=1,,52.080985600000005,5.12768396945229
649,VANCOUVER,,BC (CANADA),Oct 19,,Vancouver City Hall,https://www.instagram.com/p/Cyh16TUror8/,,49.2608724,-123.113952
